82 510 53 552 571	1770 1482 87 573 595 126 553 1780 93 265 503
1155 260 957 1096	1097 1098 73 1608 1100 672 23
103 306 1186 400 589 241	280 265 227 412 91 307 393 53 585 404 237 211
521 298 135 529 149	1226 1225 294 299 134 108 1227 34 92 868 980
7 660 2217 36 2215	47 24 30 2210 2214 2213 32 2216 12
554 1138 374 0 635	177 2 2188 1 1802 1288 1860 569 1417
7 30 169 49	168 137 110 431 9 454 27 118
0 4 71 146 19	2 109 286 11 55 477 28 1 550
82 84 75 87	1599 53 1613 126 172 1614 1612 1610
17 574 909 0 85	3 335 1 13 871 399 56 2 581
6 380 2 865	44 4222 1 0 13 2 18 1369
35 270 706 264	43 343 715 76 793 127 262 919 700
731 374 1764 670	2005 2002 2004 52 207 666 266
7 30 367 104 9	263 310 309 308 80 242 25 115 12
521 298 135 529 149	1226 1225 294 299 134 108 1227 34 92 868 980
7 660 2217 36 2215	47 24 30 2210 2214 2213 32 2216 12
7 30 169 49	168 137 110 431 9 454 27 118
1015 401 1498 759	10 222 1512 258 11 1503 98 76 443
69 16 49 19 1140	34 79 42 93 320 29 28 21 59 27
929 532 26 785 9 524	525 36 47 531 24 25 1206 7 1205 32 1204 1197
35 270 706 264	43 343 715 76 793 127 262 919 700
731 374 1764 670	2005 2002 2004 52 207 666 266
521 298 135 529 149	1226 1225 294 299 134 108 1227 34 92 868 980
7 30 169 49	168 137 110 431 9 454 27 118
1015 401 1498 759	10 222 1512 258 11 1503 98 76 443
929 532 26 785 9 524	525 36 47 531 24 25 1206 7 1205 32 1204 1197
948 378 114 458 0	298 482 37 2 299 1083 33 18 1
31 11 77 0	4 8 3 452 2 191 66
17 574 909 0 85	3 335 1 13 871 399 56 2 581
102 30 9 778 192	24 32 12 101 752 776 918 742 777 7
731 374 1764 670	2005 2002 2004 52 207 666 266
2846 1819 2851 388 2300 2008	2847 2854 1901 2852 643 2013 9 2014 2011 2849 2842 2838
7 30 367 104 9	263 310 309 308 80 242 25 115 12
11 1015 2841 98	2845 759 10 222 258 2848 401 76 443
521 298 135 529 149	1226 1225 294 299 134 108 1227 34 92 868 980
7 660 2217 36 2215	47 24 30 2210 2214 2213 32 2216 12
7 30 169 49	168 137 110 431 9 454 27 118
0 960 99 56 2 167	320 438 639 851 13 38 439 982 94 1 876
3504 3515 3235 181	3982 1482 1471 3768 3688 3531 3537
384 169 119 323	649 168 118 220 2086 2087 103
2846 1819 2851 388 2300 2008	2847 2854 1901 2852 643 2013 9 2014 2011 2849 2842 2838
11 1015 2841 98	2845 759 10 222 258 2848 401 76 443
474 7 2869 97 100	2865 2868 862 192 80 222 101 774 2468
7 30 169 49	168 137 110 431 9 454 27 118
0 960 99 56 2 167	320 438 639 851 13 38 439 982 94 1 876
384 169 119 323	649 168 118 220 2086 2087 103
2924 1961 730 2727 579 185	297 2732 127 665 33 153 188 35 2921 674 43 2733
240 2676 47 3749	24 2679 2669 2681 36 3752 115 12
866 925 504 17	878 11 1455 1443 500 921 895 913
929 532 26 785 524 525	36 47 531 24 25 1206 7 9 1205 32 1204 1197
82 510 53 552 571	1770 1482 87 573 595 126 553 1780 93 265 503
35 270 706 264	43 343 715 76 793 127 262 919 700
42 7 0 2 80 1990	1 643 1998 263 49 736 10 21 242 59 27 34
363 69 311 230	236 71 2861 46 148 29 447 183 620
945 49 879 441	894 442 316 148 949 56 1798
521 298 135 529 149	1226 1225 294 299 134 108 1227 34 92 868 980
7 660 2217 36 2215	47 24 30 2210 2214 2213 32 2216 12
7 30 169 49	168 137 110 431 9 454 27 118
82 84 75 87	1599 53 1613 126 172 1614 1612 1610
1015 401 1498 759	10 222 1512 258 11 1503 98 76 443
731 374 1764 670	2005 2002 2004 52 207 666 266
7 30 367 104 9	263 310 309 308 80 242 25 115 12
11 1015 2841 98	2845 759 10 222 258 2848 401 76 443
521 298 135 529 149	1226 1225 294 299 134 108 1227 34 92 868 980
7 660 2217 36 2215	47 24 30 2210 2214 2213 32 2216 12
7 30 169 49	168 137 110 431 9 454 27 118
384 169 119 323	649 168 118 220 2086 2087 103
2924 674 1961 730 2727 579	185 297 2732 127 665 33 153 188 35 2921 43 2733
240 2676 36 1475	47 1564 24 2679 2669 2681 115 12
866 925 504 17	878 11 1455 1443 500 921 895 913
1155 260 957 1096	1097 1098 73 1608 1100 672 23
35 270 706 264	43 343 715 76 793 127 262 919 700
945 49 879 894	442 316 148 949 441 56 1798
223 17 77 6 41	1929 1341 3219 5 356 22 40 328 63 1972 587
103 306 1186 400 589 241	280 265 227 412 91 307 393 53 585 404 237 211
2434 154 2065 20	388 1602 1748 1895 3239 1838 2438
521 298 135 529 149	1226 1225 294 299 134 108 1227 34 92 868 980
554 1138 374 0 635	177 2 2188 1 1802 1288 1860 569 1417
7 30 169 49	168 137 110 431 9 454 27 118
1676 11 351 1607	9 496 336 47 350 1212 36 195
189 0 4 1217	2 48 1 1777 1912 1205 184
6 41 664 380	775 40 143 5 212 2692 2537 983 22
830 9749 163 51 180	112 111 844 9680 39 193 9772 9757 9779 90
91 1404 1785 361 93	656 38 282 2557 20 2019 70 209 162
521 298 135 529 149	1226 1225 294 299 134 108 1227 34 92 868 980
7 30 169 49	168 137 110 431 9 454 27 118
384 169 119 323	649 168 118 220 2086 2087 103
2737 305 272 549	399 581 3352 317 85 342 2731
16 6 4462 0	230 514 633 5 1259 2938 44 1 2
948 378 114 458 0	298 482 37 2 299 1083 33 18 1
940 927 923 305 272	176 317 85 342 888 362 570 939 858 549
948 378 114 458 298	482 37 2 109 38 1 0 3 18
600 10249 0 4963 205 3159	5543 48 479 4557 2774 2620 1399 14593 4211 1899 598 527 2240
570 272 2 587	1 3029 439 3051 224 1950 662
11 866 925 921	895 913 504 17 878 1455 1443 500
13459 3128 4545 4210	302 50 26577 23 2180 100 2493
6 78 5 170	2 48 221 40 63 1 0 41
485 274 307 911 1262	404 231 656 898 412 237 211 1245 468
40623 39 90 180	190 249 3590 2 1 2 72 1
693 643 1507 699 1502 691	1514 703 1493 1511 9 1496 388 1491 1492 697 695 704
82 510 53 552 571	1770 1482 87 573 595 126 553 1780 93 265 503
35 270 706 264	43 343 715 76 793 127 262 919 700
42 7 0 2 80 1990	1 643 1998 263 49 736 10 21 242 59 27 34
17 1033 4 71 1476	68 13 37 623 247 55 11 2 238
945 49 879 441	894 442 316 148 949 56 1798
3362 54 221 1574	1335 6 8306 1421 1329 268 422 5 56
521 298 135 529 149	1226 1225 294 299 134 108 1227 34 92 868 980
7 660 2217 36 2215	47 24 30 2210 2214 2213 32 2216 12
7 30 169 49	168 137 110 431 9 454 27 118
82 84 75 87	1599 53 1613 126 172 1614 1612 1610
5148 5150 83 5123	8020 8090 5175 5126 5149 8184 5142
11 458 5022 2	3 33 1 5564 0 6066 281
872 2 139 94	1 0 99 1963 13 52 1958 167
4685 269 84 75 4719	53 338 667 440 3687 2320 318 477 311 8480 23 35 29 997
3769 4287 4285 12	7 30 26 49 83 427 25 3594 32
0 78 46 48	28 10 19 3 18 1 2138
3203 3212 449 1339	3205 223 2356 3210 295 77 3202 3204
123 538 57 81	147 125 160 120 74 322 21 27 218
120 520 387 57 81	74 147 218 846 1266 260 123 79 1687
0 1827 113 2	60 70 446 327 1 187 523 315 2018
433 84 75 53 667	8 409 1077 823 403 269 338 714 398 15
97 0 49 2	2628 3 1 7 9111 207 2600
182 54 0 818 71 50	2 70 327 1 35 117 257 142 598 48 226 1295 547
3272 0 4 20	13 13 29 2795 46 78 18
304 0 4 809	78 8 642 15 33 1 238 139
16 6 0 232	2 38 70 206 44 244 1 5
184 434 45 2	804 3 129 140 1 0 174 179 136
860 5 6836 22	1210 2719 6 7364 2562 1211 3517 29050
0 201 635 380 569 99	271 2 167 38 29 94 1 95 872 19 13 52
5300 54 0 20 142	99 2 60 5200 5237 2543 1 93
7 245 250 47	246 530 24 32 12 36 249
1327 121 201 161	52 548 719 300 829 1346 1530
208 2456 229 76 153	55 325 98 107 86 732 43 258 651
872 374 0 29888	99 2 167 13 52 145 718
165 256 2526 2613	6 718 5 88 985 1394 14 522
7 30 310 308	242 26 7 330 263 83 201
1169 783 49 428	1278 80 7 1474 383 517 21 59 27
2043 7 1596 73 2042	2051 630 47 2048 719 36 24 2687 25
7 318 352 355	484 153 195 38 1290 154 47 13 155 1
825 292 610 191	707 253 1536 52444 248 30 152 79
731 374 1764 670	2005 2002 2004 52 207 666 266
2846 1819 2851 388 2300 2008	2847 2854 1901 2852 643 2013 9 2014 2011 2849 2842 2838
11 1015 2841 98	2845 759 10 222 258 2848 401 76 443
521 298 135 529 149	1226 1225 294 299 134 108 1227 34 92 868 980
7 30 169 49	168 137 110 431 9 454 27 118
0 960 99 56 2 167	320 438 639 851 13 38 439 982 94 1 876
384 169 119 323	649 168 118 220 2086 2087 103
2924 674 1961 730 2727 579	185 297 2732 127 665 33 153 188 35 2921 43 2733
240 2676 36 1475	47 1564 24 2679 2669 2681 115 12
866 925 504 17	878 11 1455 1443 500 921 895 913
4095 4105 2 775 10 164	1 69 0 289 883 3 18 4106 4101 4098 4103
1155 260 957 1096	1097 1098 73 1608 1100 672 23
42 7 0 2 80 1990	1 643 1998 263 49 736 10 21 242 59 27 34
223 17 77 6 41	1929 1341 3219 5 356 22 40 328 63 1972 587
103 306 1186 400 589 241	280 265 227 412 91 307 393 53 585 404 237 211
2434 154 2065 20	388 1602 1748 1895 3239 1838 2438
7 521 298 135 529 149	1226 1225 294 299 134 108 1227 92 868 980 12 34
7 30 169 49	168 137 110 431 9 454 27 118
1676 11 351 1607	9 496 336 47 350 1212 36 195
337 0 19 2118	2 28 1 341 13 623 709
619 0 4 2536 190	143 2 2238 0 254 77 378 602 50 541 265
11 0 230 107	275 2 1260 504 494 3 18 1 23
1024 451 231 396 1435	1021 974 1014 988 1009 687 1012 881 1438
1871 106 1543 0	631 1793 45 2 1864 1 23
369 406 1301 13 56	94 106 122 99 273 167 1375 5113 3437 23 214
42 364 801 131	9530 34 893 255 80 21 27
11 1595 866 925	895 504 17 878 500 2194 921 2190 913
1303 1440 0 1299	96 2 10 12 612 606 1
3136 119 611 1551	1444 733 1424 2317 857 1549 1547
208 2456 229 76 153	55 325 98 107 86 732 43 258 651
82 510 53 552 571	1770 1482 87 573 595 126 553 1780 93 265 503
3046 3017 2336 0 2995	4540 2 3071 28 3 2278 1915 1 1974
363 69 311 230	236 71 2861 46 148 29 447 183 620
0 78 46 48	28 10 19 3 18 1 2138
521 298 135 529 149	1226 1225 294 299 134 108 1227 34 92 868 980
7 660 2217 36 2215	47 24 30 2210 2214 2213 32 2216 12
7 30 169 49	168 137 110 431 9 454 27 118
82 84 75 87	1599 53 1613 126 172 1614 1612 1610
1823 187 1962 0	463 13 2 989 1 2863 3142
6 41 5 38	28 40 63 95 64 19 268 22
731 374 1764 670	2005 2002 2004 52 207 666 266
7 30 367 104 9	263 310 309 308 80 242 25 115 12
11 1015 2841 98	2845 759 10 222 258 2848 401 76 443
521 298 135 529 149	1226 1225 294 299 134 108 1227 34 92 868 980
7 660 2217 36 2215	47 24 30 2210 2214 2213 32 2216 12
7 30 169 49	168 137 110 431 9 454 27 118
384 169 119 323	649 168 118 220 2086 2087 103
2924 674 1961 730 2727 579	185 297 2732 127 665 33 153 188 35 2921 43 2733
240 2676 36 1475	47 1564 24 2679 2669 2681 115 12
866 925 504 17	878 11 1455 1443 500 921 895 913
731 374 1764 670	2005 2002 2004 52 207 666 266
7 30 367 104 9	263 310 309 308 80 242 25 115 12
0 78 46 48	28 10 19 3 18 1 2138
11 1015 2841 98	2845 759 10 222 258 2848 401 76 443
521 298 135 529 149	1226 1225 294 299 134 108 1227 34 92 868 980
7 660 2217 36 2215	47 24 30 2210 2214 2213 32 2216 12
7 30 169 49	168 137 110 431 9 454 27 118
384 169 119 323	649 168 118 220 2086 2087 103
2924 674 1961 730 2727 579	185 297 2732 127 665 33 153 188 35 2921 43 2733
240 2676 36 1475	47 1564 24 2679 2669 2681 115 12
731 374 1764 670	2005 2002 2004 52 207 666 266
7 30 367 104 9	263 310 309 308 80 242 25 115 12
11 1015 2841 98	2845 759 10 222 258 2848 401 76 443
521 298 135 529 149	1226 1225 294 299 134 108 1227 34 92 868 980
7 660 2217 36 2215	47 24 30 2210 2214 2213 32 2216 12
7 30 169 49	168 137 110 431 9 454 27 118
384 169 119 323	649 168 118 220 2086 2087 103
2924 674 1961 730 2727 579	185 297 2732 127 665 33 153 188 35 2921 43 2733
103 155 141 656	1598 6228 12387 15341 10096 10030 15123 213
240 2676 36 1475	47 1564 24 2679 2669 2681 115 12
731 374 1764 670	2005 2002 2004 52 207 666 266
2760 277 3727 302	187 0 2452 2 644 1 3891
2846 1819 2851 388 2300 2008	2847 2854 1901 2852 643 2013 9 2014 2011 2849 2842 2838
7 30 367 104 9	263 310 309 308 80 242 25 115 12
7005 54 2962 0	50 2338 10503 2 2062 3841 1 10443
11 1015 2841 98	2845 759 10 222 258 2848 401 76 443
521 298 135 529 149	1226 1225 294 299 134 108 1227 34 92 868 980
7 660 2217 36 2215	47 24 30 2210 2214 2213 32 2216 12
7 30 169 49	168 137 110 431 9 454 27 118
678 647 0 345	2 12 196 359 1 9713 0 2 420
17 395 3451 0	2761 56 2 3 316 1 3170 394
948 378 114 458 298	482 37 2 109 38 1 0 3 18
1023 35 919 264	43 1814 1816 76 793 127 262 1839 270
6 20 5 13	2 10 3 1 37 10 3
0 4 14 8	2 128 29 3 1 31 16
17 122 105 0 71	20 659 2 60 70 3 3415 1 23
1931 0 1862 2360 2 38	4059 682 1755 35 1935 782 13 3412 1075 1 2821
17 0 4 71	20 2 159 13 386 130 1 23
103 5040 11 73	544 7208 7188 1164 21 545 59
2676 47 3749 24	2679 12 2669 2681 36 3752 126
82 510 53 552 571	1770 1482 87 573 595 126 553 1780 93 265 503
1155 260 957 1096	1097 1098 73 1608 1100 672 23
103 306 1186 400 589 241	280 265 227 412 91 307 393 53 585 404 237 211
521 298 135 529 149	1226 1225 294 299 134 108 1227 34 92 868 980
7 660 2217 36 2215	47 24 30 2210 2214 2213 32 2216 12
554 1138 374 0 635	177 2 2188 1 1802 1288 1860 569 1417
7 30 169 49	168 137 110 431 9 454 27 118
0 4 71 146 19	2 109 286 11 55 477 28 1 550
82 84 75 87	1599 53 1613 126 172 1614 1612 1610
2066 1269 1277 439	85 1685 1195 395 1760 1376 394
3461 16 6 5	13 38 28 58 44 19 3462
363 69 311 230	236 71 2861 46 148 29 447 183 620
11 1015 2841 98	2845 759 10 222 258 2848 401 76 443
16 1470 339 11854 11901	1026 427 1 146 20 212 2 22 2479 1 312
521 298 135 529 149	1226 1225 294 299 134 108 1227 34 92 868 980
7 30 169 49	168 137 110 431 9 454 27 118
163 13732 39 834	39128 490 4188 39 193 512 111
2737 305 272 549	399 581 3352 317 85 342 2731
2924 1961 730 2727 579 185	297 2732 127 665 33 153 188 35 2921 674 43 2733
240 2676 47 3749	24 2679 2669 2681 36 3752 115 12
731 374 1764 670	2005 2002 2004 52 207 666 266
11 1015 2841 98	2845 759 10 222 258 2848 401 76 443
521 298 135 529 149	1226 1225 294 299 134 108 1227 34 92 868 980
7 30 169 49	168 137 110 431 9 454 27 118
384 169 119 323	649 168 118 220 2086 2087 103
2924 674 1961 730 2727 579	185 297 2732 127 665 33 153 188 35 2921 43 2733
240 2676 36 1475	47 1564 24 2679 2669 2681 115 12
866 925 504 17	878 11 1455 1443 500 921 895 913
17 574 909 0 85	3 335 1 13 871 399 56 2 581
4949 3348 3550 4955 4933	958 23 402 1543 860 406 148 148 212
731 374 1764 670	2005 2002 2004 52 207 666 266
10870 155 3002 734	29 157 425 1682 238 380 158
363 69 311 230	236 71 2861 46 148 29 447 183 620
91 1404 1785 361 93	656 38 282 2557 20 2019 70 209 162
521 298 135 529 149	1226 1225 294 299 134 108 1227 34 92 868 980
7 30 169 49	168 137 110 431 9 454 27 118
4086 1734 2674 2281	2885 3 1 2 72 1210 1211 1210
82 84 75 87	1599 53 1613 126 172 1614 1612 1610
3184 0 2378 205	2 3 359 1 2018 187 523 2
17 574 909 0 85	3 335 1 13 871 399 56 2 581
731 374 1764 670	2005 2002 2004 52 207 666 266
363 69 311 230	236 71 2861 46 148 29 447 183 620
521 298 135 529 149	1226 1225 294 299 134 108 1227 34 92 868 980
3772 1032 3155 205 2636	519 113 2 1280 1 105 20 132 68
7 30 169 49	168 137 110 431 9 454 27 118
82 84 75 87	1599 53 1613 126 172 1614 1612 1610
17 574 909 0 85	3 335 1 13 871 399 56 2 581
797 559 558 557	561 545 1318 544 83 560 1316
693 643 1507 699 1502 691	1514 703 1493 1511 9 1496 388 1491 1492 697 695 704
0 445 4 8	2 3 15 452 31 10 1
6 718 789 5 88	985 165 16 119 293 14 522 419 539 1394 15
202 151 35 270	919 264 43 640 528 76 793 127 262
0 230 107 275 1260	148 11 763 504 494 3 18 1 23
82 84 75 87	1599 53 1613 126 172 1614 1612 1610
7 11 1015 401	98 10 222 33 258 759 275 76 443
6718 6705 6671 6692	420 708 6765 3049 6711 6729 239 6759
1573 1058 1311 2	379 0 1603 631 1048 1 1552
4075 7 73 630 4437	719 25 36 47 2368 4076 4056 24 4028
7 102 30 3129 3319	9 192 24 32 12 752 918 742 101 3322
818 2623 2038 93	4593 156 122 106 816 3998 598
35 270 706 264	43 343 715 76 793 127 262 919 700
731 374 1764 670	2005 2002 2004 52 207 666 266
363 69 311 230	236 71 2861 46 148 29 447 183 620
945 49 879 441	894 442 316 148 949 56 1798
521 298 135 529 149	1226 1225 294 299 134 108 1227 34 92 868 980
7 30 169 49	168 137 110 431 9 454 27 118
82 84 75 87	1599 53 1613 126 172 1614 1612 1610
1015 401 1498 759	10 222 1512 258 11 1503 98 76 443
929 532 26 785 9 524	525 36 47 531 24 25 1206 7 1205 32 1204 1197
948 378 114 458 0	298 482 37 2 299 1083 33 18 1
35 270 706 264	43 343 715 76 793 127 262 919 700
731 374 1764 670	2005 2002 2004 52 207 666 266
7 30 367 104 9	263 310 309 308 80 242 25 115 12
521 298 135 529 149	1226 1225 294 299 134 108 1227 34 92 868 980
7 660 2217 36 2215	47 24 30 2210 2214 2213 32 2216 12
7 30 169 49	168 137 110 431 9 454 27 118
287 1672 1032 2 3	2345 2 224 138 1095 584 143 1 178
1015 401 1498 759	10 222 1512 258 11 1503 98 76 443
69 16 49 19 1140	34 79 42 93 320 29 28 21 59 27
929 532 26 785 9 524	525 36 47 531 24 25 1206 7 1205 32 1204 1197
7 30 169 49	168 137 110 431 9 454 27 118
384 169 119 323	649 168 118 220 2086 2087 103
233 2791 2840 3015	3087 2717 2763 802 2786 1722 2856
9496 163 39 7353 144	7452 90 180 7619 112 111 138 51 7663 8373
948 378 114 458 0	298 482 37 2 299 1083 33 18 1
11 77 0 4	8 15 1 31 2 191 3
103 5040 11 73	544 7208 7188 1164 21 545 59
163 12077 12063 12554 4002	90 180 112 12486 2490 13298 1833 11489 15063 2586 10200
17 0 4211 213	132 2 1255 359 3024 1 32
184 6 50 22 804	129 1 800 0 5 215 2 2697 3304 179
82 510 53 552 571	1770 1482 87 573 595 126 553 1780 93 265 503
35 270 706 264	43 343 715 76 793 127 262 919 700
42 7 0 2 80 1990	1 643 1998 263 49 736 10 21 242 59 27 34
363 69 311 230	236 71 2861 46 148 29 447 183 620
945 49 879 441	894 442 316 148 949 56 1798
521 298 135 529 149	1226 1225 294 299 134 108 1227 34 92 868 980
7 660 2217 36 2215	47 24 30 2210 2214 2213 32 2216 12
7 30 169 49	168 137 110 431 9 454 27 118
82 84 75 87	1599 53 1613 126 172 1614 1612 1610
1015 401 1498 759	10 222 1512 258 11 1503 98 76 443
0 1429 3680 379	1952 2742 2 1280 1004 743 1 23
830 9749 163 51 180	112 111 844 9680 39 193 9772 9757 9779 90
521 298 135 529 149	1226 1225 294 299 134 108 1227 34 92 868 980
7 30 169 49	168 137 110 431 9 454 27 118
105 0 4 50	2 48 1 17 19 190 13 10
17 27930 0 4	889 18 179 197 33 13 66
384 169 119 323	649 168 118 220 2086 2087 103
2737 305 272 549	399 581 3352 317 85 342 2731
17 54 233 5607 0 8039	880 213 1377 8164 2 420 414 3 8450 2771 1
95 104 393 15511 146	5 512 1796 91 3254 1786 6 115 44 210
35 270 706 264	43 343 715 76 793 127 262 919 700
363 69 311 230	236 71 2861 46 148 29 447 183 620
945 49 879 441	894 442 316 148 949 56 1798
521 298 135 529 149	1226 1225 294 299 134 108 1227 34 92 868 980
554 1138 1802 374 0	635 177 2 2188 1288 1860 569 1417 1
7 30 169 49	168 137 110 431 9 454 27 118
82 84 75 87	1599 53 1613 126 172 1614 1612 1610
1015 401 1498 759	10 222 1512 258 11 1503 98 76 443
929 532 26 785 9 524	525 36 47 531 24 25 1206 7 1205 32 1204 1197
948 378 114 458 0	298 482 37 2 299 1083 33 18 1
2931 232 68 1037 1663	198 1 1253 14 146 50 212 29 28 44 224
818 2623 2038 93	4593 156 122 106 816 3998 598
1813 4018 4474 4000 869	74 4150 21 4532 2620 81 364 1788 218
363 182 121 458 0	1954 271 2 300 1 884 177 13 46
554 1138 1802 374 0	635 177 2 2188 1288 1860 569 1417 1
11 622 5 46	2 22 1 676 523 0 41 18 40
4075 7 73 36 630	4437 5689 44 9932 15573 115 41 926 5 928
3351 1345 232 13	70 178 2 72 3 1 278
2127 433 2122 643 388 389	4399 4682 4331 2947 303 9150 6383 279 311 312
16 6 0 5	821 38 44 1 642 20 2 1600
731 374 1764 670	2005 2002 2004 52 207 666 266
3461 16 6 5	13 38 28 58 44 19 3462
363 69 311 230	236 71 2861 46 148 29 447 183 620
3973 1538 1824 2212 2072	154 20 377 3807 1 0 354 215 2 206 1238
521 298 135 529 149	1226 1225 294 299 134 108 1227 34 92 868 980
7 30 169 49	168 137 110 431 9 454 27 118
82 84 75 87	1599 53 1613 126 172 1614 1612 1610
1823 187 1962 0	463 13 2 989 1 2863 3142
17 54 233 5607 0 8039	880 213 1377 8164 2 420 414 3 8450 2771 1
0 1827 20 113 2	60 70 446 327 1 187 523 315 2018
2785 2590 8555 2	463 2686 2 640 10 8 1300
2486 6 5689 0 2590	2 2195 1 148 1238 10 85 191 64 35
69 1067 6 5209	1075 3079 555 28 221 5 226
6 2590 5 132 2	22 67 6 492 321 0 41 1796
7 30 169 9	49 10144 168 137 110 431 454 27 118
9 341 8 294 1061	116 16 7 1060 482 88 14 137 186 1
6 41 5 38	28 40 63 95 64 19 268 22
1335 0 3670 1421	2597 221 244 1 243 272 13 14
11 77 0 4	8 15 1 31 2 191 3
5 1 6 0	41 2 22 10 3 18 40
17 574 909 0 85	3 335 1 13 871 399 56 2 581
5219 339 232 5221	1395 4829 463 955 4797 989 586
17 6 0 50	5 2 44 739 1 3 18
11 866 925 921	895 913 504 17 878 1455 1443 500
826 794 1662 1751	2321 6 760 5 341 44 587
11 0 230 107	275 2 1260 504 494 3 18 1 23
0 4 14 8	2 128 29 3 1 31 16
3809 64 2034 20	12823 28 3 2278 101 28 1
64 3301 71 20	13 209 109 477 285 17 465
7 102 30 9 6169	192 6263 32 12 101 752 918 742 24 6153
35 270 706 264	43 343 715 76 793 127 262 919 700
731 374 1764 670	2005 2002 2004 52 207 666 266
521 298 135 529 149	1226 1225 294 299 134 108 1227 34 92 868 980
7 30 169 49	168 137 110 431 9 454 27 118
1015 401 1498 759	10 222 1512 258 11 1503 98 76 443
929 532 26 785 9 524	525 36 47 531 24 25 1206 7 1205 32 1204 1197
948 378 114 458 0	298 482 37 2 299 1083 33 18 1
31 11 77 0	4 8 3 452 2 191 66
17 574 909 0 85	3 335 1 13 871 399 56 2 581
102 30 9 778 192	24 32 12 101 752 776 918 742 777 7
731 374 1764 670	2005 2002 2004 52 207 666 266
4936 5267 5468 20	2707 803 1112 127 4301 3747 105 1740 4037
11 1015 2841 98	2845 759 10 222 258 2848 401 76 443
521 298 135 529 149	1226 1225 294 299 134 108 1227 34 92 868 980
7 30 169 49	168 137 110 431 9 454 27 118
1823 187 1962 0	463 13 2 989 1 2863 3142
384 169 119 323	649 168 118 220 2086 2087 103
2924 674 1961 730 2727 579	185 297 2732 127 665 33 153 188 35 2921 43 2733
240 2676 36 1475	47 1564 24 2679 2669 2681 115 12
866 925 504 17	878 11 1455 1443 500 921 895 913
189 0 4 1217	2 48 1 1777 1912 1205 184
594 1313 1813 4414	4397 1214 4428 3486 21 27 4432 1788
433 269 84 75 53	667 8 409 1077 823 403 338 714 398 15
182 54 0 818 71 50	2 70 327 1 35 117 257 142 598 48 226 1295 547
114 0 45 132	2 15 1 8 764 3 18
64 0 2414 1566	1738 1412 1 642 20 2753 68 4021
771 1018 584 2835	427 106 122 955 13 2095 494 23 156
184 0 434 174	45 3 129 140 1 2 804 179 136
11 315 0 2761	2345 1 692 1923 4716 2 1381 3368
69 95 6 50	14 22 29 68 44 6 324 1
19137 26475 6 20019 0	5656 44 1 17 199 2 72 29 28
363 69 311 230	236 71 2861 46 148 29 447 183 620
521 298 135 529 149	1226 1225 294 299 134 108 1227 34 92 868 980
7 30 169 49	168 137 110 431 9 454 27 118
948 378 114 458 0	298 482 37 2 299 1083 33 18 1
31 11 0 4	8 15 1 77 2 191 3
797 559 558 557	561 545 1318 544 83 560 1316
221 2239 647 6	2060 1 17 199 2 1280 1004 743
1454 1452 1456 144 834 2696	1458 90 1453 180 3970 112 111 1457 39 1460 1459
0 14 8 2	128 3 1 116 69 31 16
8027 3286 8186 38	29 685 15 86 364 2074 2154
82 510 53 552 571	1770 1482 87 573 595 126 553 1780 93 265 503
35 270 706 264	43 343 715 76 793 127 262 919 700
4936 5267 5468 20	2707 803 1112 127 4301 3747 105 1740 4037
42 7 0 2 80 1990	1 643 1998 263 49 736 10 21 242 59 27 34
363 69 311 230	236 71 2861 46 148 29 447 183 620
945 49 879 441	894 442 316 148 949 56 1798
521 298 135 529 149	1226 1225 294 299 134 108 1227 34 92 868 980
7 660 2217 36 2215	47 24 30 2210 2214 2213 32 2216 12
7 30 169 49	168 137 110 431 9 454 27 118
1407 11 64 0	4 20 1190 430 63 1 20 44
731 374 1764 670	2005 2002 2004 52 207 666 266
3461 16 6 5	13 38 28 58 44 19 3462
7 30 367 104 9	263 310 309 308 80 242 25 115 12
363 69 311 230	236 71 2861 46 148 29 447 183 620
54 64 6 0 818	68 10 44 739 1 2668 20 50 5 142 598
521 298 135 529 149	1226 1225 294 299 134 108 1227 34 92 868 980
7 660 2217 36 2215	47 24 30 2210 2214 2213 32 2216 12
7 30 169 49	168 137 110 431 9 454 27 118
82 84 75 87	1599 53 1613 126 172 1614 1612 1610
35 270 706 264	43 343 715 76 793 127 262 919 700
731 374 1764 670	2005 2002 2004 52 207 666 266
7 30 367 104 9	263 310 309 308 80 242 25 115 12
521 298 135 529 149	1226 1225 294 299 134 108 1227 34 92 868 980
7 660 2217 36 2215	47 24 30 2210 2214 2213 32 2216 12
7 30 169 49	168 137 110 431 9 454 27 118
384 169 119 323	649 168 118 220 2086 2087 103
1015 401 1498 759	10 222 1512 258 11 1503 98 76 443
69 16 49 19 1140	34 79 42 93 320 29 28 21 59 27
929 532 26 785 9 524	525 36 47 531 24 25 1206 7 1205 32 1204 1197
948 378 114 458 298	482 37 2 109 38 1 0 3 18
19899 20619 1309 20602 18934 24	817 701 188 59 10 9 79 125 244 109 145 33
7 660 2217 36 2215	47 24 30 2210 2214 2213 32 2216 12
11 866 925 921	895 913 504 17 878 1455 1443 500
3272 0 971 50	13 2 29 423 1 17 678
0 4 14 8	2 128 29 3 1 31 16
2043 7 2042 2051 36 630	47 2048 719 2173 25 30 2166 73 36 24 2171
0 789 37 2	2071 1426 492 2 290 183 439 1 3414
0 19 78 46	48 28 10 3 18 1 2138
7 102 30 9 6169	192 6263 32 12 101 752 918 742 24 6153
731 374 1764 670	2005 2002 2004 52 207 666 266
11 1015 2841 98	2845 759 10 222 258 2848 401 76 443
35 189 0 4 8568	56 2 29 1261 13606 1 1178 233 18 547
521 298 135 529 149	1226 1225 294 299 134 108 1227 34 92 868 980
7 30 169 49	168 137 110 431 9 454 27 118
10044 10258 10126 369	493 10219 13 10094 1153 10030 10243 113
2924 674 1961 730 2727 579	185 297 2732 127 665 33 153 188 35 2921 43 2733
240 2676 36 1475	47 1564 24 2679 2669 2681 115 12
866 925 504 17	878 11 1455 1443 500 921 895 913
2007 4165 6 463	205 541 2 1280 1 0 254 13 143 224
82 510 53 552 571	1770 1482 87 573 595 126 553 1780 93 265 503
1155 260 957 1096	1097 1098 73 1608 1100 672 23
103 306 1186 400 589 241	280 265 227 412 91 307 393 53 585 404 237 211
521 298 135 529 149	1226 1225 294 299 134 108 1227 34 92 868 980
7 660 2217 36 2215	47 24 30 2210 2214 2213 32 2216 12
554 1138 374 0 635	177 2 2188 1 1802 1288 1860 569 1417
7 30 169 49	168 137 110 431 9 454 27 118
0 4 71 146 19	2 109 286 11 55 477 28 1 550
82 84 75 87	1599 53 1613 126 172 1614 1612 1610
2066 1269 1277 439	85 1685 1195 395 1760 1376 394
82 510 53 552 571	1770 1482 87 573 595 126 553 1780 93 265 503
363 69 311 230	236 71 2861 46 148 29 447 183 620
1702 6 2073 2320	5 345 22 3222 2385 196 3242
521 298 135 529 149	1226 1225 294 299 134 108 1227 34 92 868 980
7 30 169 49	168 137 110 431 9 454 27 118
82 84 75 87	1599 53 1613 126 172 1614 1612 1610
1474 84 6 238 131	319 353 7520 15 12 8 473 1667 12
17 574 909 0 85	3 335 1 13 871 399 56 2 581
2043 7 1596 2042 2051 630	47 2048 719 2173 25 30 2166 73 36 24 2171
3566 6323 1734 2998	6714 1597 4661 1211 1210 2336 919
82 510 53 552 571	1770 1482 87 573 595 126 553 1780 93 265 503
1155 260 957 1096	1097 1098 73 1608 1100 672 23
2984 64 6 20 5	22 38 43 45 60 190 180
64 6 0 4 20	28 40 63 1 3 18
521 298 135 529 149	1226 1225 294 299 134 108 1227 34 92 868 980
554 1138 374 0 635	177 2 2188 1 1802 1288 1860 569 1417
7 30 169 49	168 137 110 431 9 454 27 118
82 84 75 87	1599 53 1613 126 172 1614 1612 1610
2066 1269 1277 439	85 1685 1195 395 1760 1376 394
64 0 20 46	178 72 109 183 198 147 83 218 301
82 510 53 552 571	1770 1482 87 573 595 126 553 1780 93 265 503
1155 260 957 1096	1097 1098 73 1608 1100 672 23
223 17 77 6 41	1929 1341 3219 5 356 22 40 328 63 1972 587
103 306 1186 400 589 241	280 265 227 412 91 307 393 53 585 404 237 211
2434 154 2065 20	388 1602 1748 1895 3239 1838 2438
7 521 298 135 529 149	1226 1225 294 299 134 108 1227 92 868 980 12 34
554 1138 374 0 635	177 2 2188 1 1802 1288 1860 569 1417
7 30 169 49	168 137 110 431 9 454 27 118
474 7 1529 1526 97	774 100 1525 862 192 80 222 101 23
0 4 71 146 19	2 109 286 11 55 477 28 1 550
1155 260 957 1096	1097 1098 73 1608 1100 672 23
35 270 706 264	43 343 715 76 793 127 262 919 700
42 7 0 2 80 1990	1 643 1998 263 49 736 10 21 242 59 27 34
945 49 879 894	442 316 148 949 441 56 1798
223 17 77 6 41	1929 1341 3219 5 356 22 40 328 63 1972 587
103 306 1186 400 589 241	280 265 227 412 91 307 393 53 585 404 237 211
2434 154 2065 20	388 1602 1748 1895 3239 1838 2438
521 298 135 529 149	1226 1225 294 299 134 108 1227 34 92 868 980
554 1138 374 0 635	177 2 2188 1 1802 1288 1860 569 1417
7 30 169 49	168 137 110 431 9 454 27 118
1155 260 957 1096	1097 1098 73 1608 1100 672 23
35 270 706 264	43 343 715 76 793 127 262 919 700
42 7 0 2 80 1990	1 643 1998 263 49 736 10 21 242 59 27 34
945 49 879 894	442 316 148 949 441 56 1798
223 17 77 6 41	1929 1341 3219 5 356 22 40 328 63 1972 587
103 306 1186 400 589 241	280 265 227 412 91 307 393 53 585 404 237 211
2434 154 2065 20	388 1602 1748 1895 3239 1838 2438
521 298 135 529 149	1226 1225 294 299 134 108 1227 34 92 868 980
554 1138 374 0 635	177 2 2188 1 1802 1288 1860 569 1417
7 30 169 49	168 137 110 431 9 454 27 118
1155 260 957 1096	1097 1098 73 1608 1100 672 23
35 270 706 264	43 343 715 76 793 127 262 919 700
42 7 0 2 80 1990	1 643 1998 263 49 736 10 21 242 59 27 34
945 49 879 894	442 316 148 949 441 56 1798
223 17 77 6 41	1929 1341 3219 5 356 22 40 328 63 1972 587
103 306 1186 400 589 241	280 265 227 412 91 307 393 53 585 404 237 211
2434 154 2065 20	388 1602 1748 1895 3239 1838 2438
521 298 135 529 149	1226 1225 294 299 134 108 1227 34 92 868 980
554 1138 374 0 635	177 2 2188 1 1802 1288 1860 569 1417
7 30 169 49	168 137 110 431 9 454 27 118
1155 260 957 1096	1097 1098 73 1608 1100 672 23
35 270 706 264	43 343 715 76 793 127 262 919 700
42 7 0 2 80 1990	1 643 1998 263 49 736 10 21 242 59 27 34
945 49 879 894	442 316 148 949 441 56 1798
223 17 77 6 41	1929 1341 3219 5 356 22 40 328 63 1972 587
103 306 1186 400 589 241	280 265 227 412 91 307 393 53 585 404 237 211
2434 154 2065 20	388 1602 1748 1895 3239 1838 2438
521 298 135 529 149	1226 1225 294 299 134 108 1227 34 92 868 980
554 1138 374 0 635	177 2 2188 1 1802 1288 1860 569 1417
7 30 169 49	168 137 110 431 9 454 27 118
91 585 765 383	4036 20345 29 327 20 198 244 121
1931 145 1862 811	159 196 438 35 1935 782 682 303 1446
11106 3164 2017 24538 1806	823 708 157 155 141 1590 16 14 811 244 312 1174
6 0 4 239 78	5 132 2 22 3 278 1 40
521 298 135 529 149	1226 1225 294 299 134 108 1227 34 92 868 980
7 30 169 49	168 137 110 431 9 454 27 118
384 169 119 323	649 168 118 220 2086 2087 103
9496 163 39 7353 144	7452 90 180 7619 112 111 138 51 7663 8373
2589 178 2557 2554	1 0 9300 2 72 4609 2112
948 378 114 458 0	298 482 37 2 299 1083 33 18 1
861 854 1183 332	907 904 1188 11 874 867 33
17 574 909 0 78	581 85 3 335 1 13 871 399 56
7 30 169 49	168 137 110 431 9 454 27 118
17 6 0 158 5 88	14 2 761 70 8 243 128 60 130 1 278
730 7454 7455 7544 665	7542 153 188 7368 1387 7330 7475 579 185 7593 33
4290 5154 35 270	919 264 43 5143 793 127 262 5145 76
11 6 2243 760 5 22	226 29 221 1825 14249 1277 2181 13973
384 169 119 323	649 168 118 220 2086 2087 103
741 748 394 746 735 744	717 157 1193 750 395 650 155 745 1196 56 749 747
1089 7 26 355 4 47	1104 2 24 10 1 11 0 352 36 3 32 1087
35 270 706 264	43 343 715 76 793 127 262 919 700
363 69 311 230	236 71 2861 46 148 29 447 183 620
945 49 879 441	894 442 316 148 949 56 1798
521 298 135 529 149	1226 1225 294 299 134 108 1227 34 92 868 980
7 30 169 49	168 137 110 431 9 454 27 118
82 84 75 87	1599 53 1613 126 172 1614 1612 1610
1015 401 1498 759	10 222 1512 258 11 1503 98 76 443
929 532 26 785 9 524	525 36 47 531 24 25 1206 7 1205 32 1204 1197
948 378 114 458 0	298 482 37 2 299 1083 33 18 1
31 11 0 4	8 15 1 77 2 191 3
3184 4 48 3167 11	523 0 254 2 72 3087 1255 3 14677
82 510 53 552 571	1770 1482 87 573 595 126 553 1780 93 265 503
1155 260 957 1096	1097 1098 73 1608 1100 672 23
0 78 46 48	28 10 19 3 18 1 2138
103 306 1186 400 589 241	280 265 227 412 91 307 393 53 585 404 237 211
521 298 135 529 149	1226 1225 294 299 134 108 1227 34 92 868 980
7 660 2217 36 2215	47 24 30 2210 2214 2213 32 2216 12
554 1138 374 0 635	177 2 2188 1 1802 1288 1860 569 1417
7 30 169 49	168 137 110 431 9 454 27 118
0 4 71 146 19	2 109 286 11 55 477 28 1 550
948 378 114 458 298	482 37 2 109 38 1 0 3 18
3305 13 22 29	4468 2 68 71 50 279 18 2881
11 1595 866 925	895 504 17 878 500 2194 921 2190 913
3136 119 611 1551	1444 733 1424 2317 857 1549 1547
35 674 43 16378 127	127 238 225 157 1404 736 215 1974 2116
731 2070 189 2422	2333 93 2222 508 2399 2081 1177 267
2043 7 1596 73 2042	2051 630 47 2048 719 36 24 2687 25
11 5 46 2	22 1 622 676 523 0 41 18 40
11 836 271 139	94 371 6535 99 177 13 52
4936 5267 5468 2707	803 1112 1794 3274 1046 2278 555
731 374 1764 670	2005 2002 2004 52 207 666 266
82 84 75 87	1599 53 1613 126 172 1614 1612 1610
0 2902 13 2	60 48 70 379 446 642 20 1 214
11 1763 458 0	2 1712 3 281 33 1589 1
0 4 14 8	2 128 29 3 1 31 16
0 4 14 8	2 128 29 3 1 31 16
438 20 113 2	48 10 1 0 154 60 130
391 16 6 0 19	3553 5 28 3479 3 2 3615 38 3190 1 1974
1015 401 98 1498	759 10 222 1512 258 11 1503 76 443
1040 35 97 354 43	628 222 153 188 194 1039 740 1036 1041 101
1155 260 957 1096	1097 1098 73 1608 1100 672 23
0 78 46 48	28 10 19 3 18 1 2138
223 17 77 6 41	1929 1341 3219 5 356 22 40 328 63 1972 587
103 306 1186 400 589 241	280 265 227 412 91 307 393 53 585 404 237 211
2434 154 2065 20	388 1602 1748 1895 3239 1838 2438
521 298 135 529 149	1226 1225 294 299 134 108 1227 34 92 868 980
7 30 169 49	168 137 110 431 9 454 27 118
225 64 0 228	20 282 22 138 1 14 0 831
0 4 71 146 19	2 109 286 11 55 477 28 1 550
0 1827 20 113 2	60 70 446 327 1 187 523 315 2018
7 97 0 49	714 2 2628 3 1 10 21
182 54 0 818 71 50	2 70 327 1 35 117 257 142 598 48 226 1295 547
0 230 107 275 1260	148 11 763 504 494 3 18 1 23
102 3266 3264 10011	29 581 14 8 1523 209 159 143 773
1791 11 0 230	10629 56 2 148 1 3 18
86 8186 364 29	213 54 493 152 578 152 590 779 739
4075 73 36 630 4437	719 24 4062 25 7 47 2368 4026 4751
3890 4089 4155 3794 3969	3943 563 188 312 111 868 3400 11178 355 2058
225 247 2603 415 261 283	1120 109 1122 1119 124 1121 295 77 304 356 640 720 453
2127 433 9 336 429	389 301 3916 1290 25 202 2122 30 151 26
35 270 706 264	43 343 715 76 793 127 262 919 700
731 374 1764 670	2005 2002 2004 52 207 666 266
7 30 367 104 9	263 310 309 308 80 242 25 115 12
521 298 135 529 149	1226 1225 294 299 134 108 1227 34 92 868 980
7 660 2217 36 2215	47 24 30 2210 2214 2213 32 2216 12
7 30 169 49	168 137 110 431 9 454 27 118
384 169 119 323	649 168 118 220 2086 2087 103
1015 401 1498 759	10 222 1512 258 11 1503 98 76 443
69 16 49 19 1140	34 79 42 93 320 29 28 21 59 27
929 532 26 785 9 524	525 36 47 531 24 25 1206 7 1205 32 1204 1197
3572 73 3278 264	43 3732 1767 3324 628 2963 365
82 510 53 552 571	1770 1482 87 573 595 126 553 1780 93 265 503
11 0 230 107	275 2 1260 504 494 3 18 1 23
485 274 307 911 1262	404 231 656 898 412 237 211 1245 468
189 0 4 1217	2 48 1 1777 1912 1205 184
6 4 19 5 2	221 1 0 41 20 50 5 215
1595 866 925 895	913 17 878 11 500 2194 921 2190 504
826 794 1662 1751	2321 6 760 5 341 44 587
771 1018 584 2835	427 106 122 955 13 2095 494 23 156
647 205 3 303	196 359 1 204 1018 157 12
1155 260 957 1096	1097 1098 73 1608 1100 672 23
1702 6 2073 2320	5 345 22 3222 2385 196 3242
103 306 1186 400 589 241	280 265 227 412 91 307 393 53 585 404 237 211
521 298 135 529 149	1226 1225 294 299 134 108 1227 34 92 868 980
554 1138 374 0 635	177 2 2188 1 1802 1288 1860 569 1417
7 30 169 49	168 137 110 431 9 454 27 118
0 4 71 146 19	2 109 286 11 55 477 28 1 550
82 84 75 87	1599 53 1613 126 172 1614 1612 1610
2066 1269 1277 439	85 1685 1195 395 1760 1376 394
17 574 909 0 85	3 335 1 13 871 399 56 2 581
731 374 1764 670	2005 2002 2004 52 207 666 266
8583 5777 5131 1812	178 1090 1112 1111 29 127 1523 79 1254
3046 3017 2336 0 2995	4540 2 3071 28 3 2278 1915 1 1974
105 0 2 10	3 148 3181 142 212 1 506
7 30 367 104 9	263 310 309 308 80 242 25 115 12
54 2130 4 2874 216 7982	1182 1 344 3326 1853 914 2320 1786 109 5 885
0 78 46 48	28 10 19 3 18 1 2138
11 1015 2841 98	2845 759 10 222 258 2848 401 76 443
521 298 135 529 149	1226 1225 294 299 134 108 1227 34 92 868 980
7 660 2217 36 2215	47 24 30 2210 2214 2213 32 2216 12
940 927 923 305 272	176 317 85 342 888 362 570 939 858 549
82 84 75 87	1599 53 1613 126 172 1614 1612 1610
668 55 35 435 0	19 2 849 28 3 335 698 1 386 130
6 0 4 2101	5 2 541 3021 44 1048 3192
54 3741 26 848	2099 2332 517 2441 33 238 428
7 660 8406 36 8464	47 8473 3967 29 14019 20 1667 22 21401 12606 22
7 202 49 714	27 403 398 431 30 151 9 20
117 0 4 196	1 17 199 37 345 2488 2
240 1434 104 9 790	231 383 250 1414 781 1499 849
123 538 57 81	147 125 160 120 74 322 21 27 218
731 374 1764 670	2005 2002 2004 52 207 666 266
11 1015 2841 98	2845 759 10 222 258 2848 401 76 443
521 298 135 529 149	1226 1225 294 299 134 108 1227 34 92 868 980
7 30 169 49	168 137 110 431 9 454 27 118
163 13732 39 14272	132 286 283 1219 1409 1106 110 110
384 169 119 323	649 168 118 220 2086 2087 103
2924 674 1961 730 2727 579	185 297 2732 127 665 33 153 188 35 2921 43 2733
240 2676 36 1475	47 1564 24 2679 2669 2681 115 12
866 925 504 17	878 11 1455 1443 500 921 895 913
35 0 2961 71	376 89 142 33 1 14 14 1706
13408 474 19710 20042	18880 18673 2447 18748 3695 8704 6620 662 3066
2846 1819 2851 388 2300 2008	2847 2854 1901 2852 643 2013 9 2014 2011 2849 2842 2838
11 1015 2841 98	2845 759 10 222 258 2848 401 76 443
474 7 2869 97 100	2865 2868 862 192 80 222 101 774 2468
7 30 169 49	168 137 110 431 9 454 27 118
0 960 99 56 2 167	320 438 639 851 13 38 439 982 94 1 876
91 20070 366 5336	150 141 745 159 405 839 114 811 1567
3504 3515 3235 181	3982 1482 1471 3768 3688 3531 3537
384 169 119 323	649 168 118 220 2086 2087 103
2924 1961 730 2727 579 185	297 2732 127 665 33 153 188 35 2921 674 43 2733
82 510 53 552 571	1770 1482 87 573 595 126 553 1780 93 265 503
363 69 311 230	236 71 2861 46 148 29 447 183 620
521 298 135 529 149	1226 1225 294 299 134 108 1227 34 92 868 980
7 30 169 49	168 137 110 431 9 454 27 118
82 84 75 87	1599 53 1613 126 172 1614 1612 1610
1823 187 1962 0	463 13 2 989 1 2863 3142
0 1827 20 113 2	60 70 446 327 1 187 523 315 2018
6 5 2 22	48 40 4133 63 1 0 41
17 574 909 0 85	3 335 1 13 871 399 56 2 581
2043 7 1596 2042 2051 630	47 2048 719 2173 25 30 2166 73 36 24 2171
3010 6961 4091 7011 73	7552 3990 185 6946 7478 2860 101 23 3977
35 97 3990 98	43 3639 3209 76 793 127 262 264 3231
7 30 169 49	168 137 110 431 9 454 27 118
0 960 99 56 2 167	320 438 639 851 13 38 439 982 94 1 876
384 169 119 323	649 168 118 220 2086 2087 103
1961 730 579 185 297	2732 127 665 33 153 188 674 43 2733 1387 2727
2676 47 3749 24	2679 12 2669 2681 36 3752 126
866 925 504 17	878 11 1455 1443 500 921 895 913
7 75 0 1408 368 1431	37 2 1342 13248 481 1815 146 12 15 1065 19 1
121 853 2468 3007	2867 3539 13 207 52 7730 2860 258
731 374 1764 670	2005 2002 2004 52 207 666 266
3046 3017 2336 0 2995	4540 2 3071 28 3 2278 1915 1 1974
363 69 311 230	236 71 2861 46 148 29 447 183 620
0 78 46 48	28 10 19 3 18 1 2138
521 298 135 529 149	1226 1225 294 299 134 108 1227 34 92 868 980
7 660 2217 36 2215	47 24 30 2210 2214 2213 32 2216 12
7 30 169 49	168 137 110 431 9 454 27 118
82 84 75 87	1599 53 1613 126 172 1614 1612 1610
1823 187 1962 0	463 13 2 989 1 2863 3142
95 564 0 766	14 2 1270 10 1 105 4645 4
35 270 706 264	43 343 715 76 793 127 262 919 700
731 374 1764 670	2005 2002 2004 52 207 666 266
363 69 311 230	236 71 2861 46 148 29 447 183 620
945 49 879 441	894 442 316 148 949 56 1798
521 298 135 529 149	1226 1225 294 299 134 108 1227 34 92 868 980
7 30 169 49	168 137 110 431 9 454 27 118
82 84 75 87	1599 53 1613 126 172 1614 1612 1610
1015 401 1498 759	10 222 1512 258 11 1503 98 76 443
929 532 26 785 9 524	525 36 47 531 24 25 1206 7 1205 32 1204 1197
948 378 114 458 0	298 482 37 2 299 1083 33 18 1
2092 513 73 435 104	49 2610 1759 80 24 59 32 284 37 23 25
378 432 2460 2540	86 588 2624 2546 33 2555 690
102 73 5758 5731	6674 6755 23 9 6530 5756 5783 5750
116 119 88 8	1059 1856 1174 1590 16 14 811 15
241 656 411 843 157	650 155 238 428 1278 150 280 141 93
1871 106 1543 0	631 1793 45 2 1864 1 23
0 113 2 60	446 327 1 17 523 365 2 1891 5944
2184 875 233 2155	1531 990 1853 914 13 1042 1466
0 4 14 8	2 128 29 3 1 31 16
11 1595 866 925	895 504 17 878 500 2194 921 2190 913
1871 106 1543 0	631 1793 45 2 1864 1 23
2184 875 233 2155	1531 990 1853 914 13 1042 1466
304 0 4 809	78 8 642 15 33 1 238 139
2092 513 73 435 104	49 2610 1759 80 24 59 32 284 37 23 25
11 1595 866 925	895 504 17 878 500 2194 921 2190 913
1303 1440 0 1299	96 2 10 12 612 606 1
208 2456 229 76 153	55 325 98 107 86 732 43 258 651
731 2070 189 2422 1265	93 2222 2263 508 2399 2333 2413 2081 1177
0 271 2 139	94 1 872 99 1963 13 52 1958 167
119 0 4 174	45 8 2 129 15 140 1 179 136
17 574 909 0 85	3 335 1 13 871 399 56 2 581
7 30 169 49	168 137 110 431 9 454 27 118
730 7454 7455 7544 665	7542 153 188 7368 1387 7330 7475 579 185 7593 33
384 169 119 323	649 168 118 220 2086 2087 103
17 122 374 369	376 177 1357 139 829 315 211 994
948 378 114 458 0	298 482 37 2 299 1083 33 18 1
43 229 76 153	55 325 98 7470 208 107 86 258 651
11 77 0 4	8 15 1 31 2 191 3
97 657 5193 7665	3787 33 7532 262 4264 4350 7691
84 737 87 7678 53	2738 7436 4740 5178 627 265 4448 4718 5158
1702 3063 0 71 20 68	290 2331 4893 289 1 63 37 56 178 2368 1 312
1155 260 957 1096	1097 1098 73 1608 1100 672 23
17 5643 0 20	68 2636 209 285 682 1 64 35
223 17 77 6 41	1929 1341 3219 5 356 22 40 328 63 1972 587
103 306 1186 400 589 241	280 265 227 412 91 307 393 53 585 404 237 211
2434 154 2065 20	388 1602 1748 1895 3239 1838 2438
521 298 135 529 149	1226 1225 294 299 134 108 1227 34 92 868 980
7 30 169 49	168 137 110 431 9 454 27 118
0 4 71 146 19	2 109 286 11 55 477 28 1 550
6 41 50 22	40 303 54 5 142 216 3893 196 302
82 510 53 552 571	1770 1482 87 573 595 126 553 1780 93 265 503
1155 260 957 1096	1097 1098 73 1608 1100 672 23
103 306 1186 400 589 241	280 265 227 412 91 307 393 53 585 404 237 211
521 298 135 529 149	1226 1225 294 299 134 108 1227 34 92 868 980
554 1138 374 0 635	177 2 2188 1 1802 1288 1860 569 1417
7 30 169 49	168 137 110 431 9 454 27 118
0 4 71 146 19	2 109 286 11 55 477 28 1 550
82 84 75 87	1599 53 1613 126 172 1614 1612 1610
2066 1269 1277 439	85 1685 1195 395 1760 1376 394
17 574 909 0 85	3 335 1 13 871 399 56 2 581
7 532 1207 9	525 531 25 30 1200 26 524 83
1445 30 3295 83	3310 3313 32 3312 25 2432 7 2430 2407
2846 1819 2851 388 2300 2008	2847 2854 1901 2852 643 2013 9 2014 2011 2849 2842 2838
11 1015 2841 98	2845 759 10 222 258 2848 401 76 443
861 854 1183 332	907 904 1188 11 874 867 33
474 7 2869 97 100	2865 2868 862 192 80 222 101 774 2468
7 30 169 49	168 137 110 431 9 454 27 118
0 960 99 56 2 167	320 438 639 851 13 38 439 982 94 1 876
614 9 392 24 616 615	7 390 30 26 613 36 301 32 603 25 604
17 6 0 158 5 88	14 2 761 70 8 243 128 60 130 1 278
11 0 230 107	275 2 1260 504 494 3 18 1 23
64 1033 0 4 20 1476	68 13 37 1381 623 17 11 247 55 1 2 214
42 364 801 131	9530 34 893 255 80 21 27
11 1595 866 925	895 504 17 878 500 2194 921 2190 913
119 611 1551 1444	733 1423 4033 198 2536 6198 562
363 11 64 6 230 2567	20 1476 5 450 72 209 1259 148 243 345 685 285
0 1827 20 113 2	60 70 446 327 1 187 523 315 2018
961 8892 718 8900	522 1416 9691 319 3938 1913 602
2043 7 1596 73 2051	2051 630 47 2048 719 36 24 2687 25
11 5 46 2	22 1 622 676 523 0 41 18 40
4095 4105 2 775 10 164	1 69 0 289 883 3 18 4106 4101 4098 4103
1155 260 957 1096	1097 1098 73 1608 1100 672 23
69 2246 315 435	254 71 275 2026 2725 822 33 23
35 270 706 264	43 343 715 76 793 127 262 919 700
42 7 0 2 80 1990	1 643 1998 263 49 736 10 21 242 59 27 34
945 49 879 894	442 316 148 949 441 56 1798
223 17 77 6 41	1929 1341 3219 5 356 22 40 328 63 1972 587
103 306 1186 400 589 241	280 265 227 412 91 307 393 53 585 404 237 211
2434 154 2065 20	388 1602 1748 1895 3239 1838 2438
7 521 298 135 529 149	1226 1225 294 299 134 108 1227 92 868 980 12 34
5148 5150 83 5123	8020 8090 5175 5126 5149 8184 5142
11 458 5022 2	3 33 1 5564 0 6066 281
872 2 139 94	1 0 99 1963 13 52 1958 167
4685 269 84 75 4719	53 338 667 440 3687 2320 318 477 311 8480 23 35 29 997
3769 4287 4285 12	7 30 26 49 83 427 25 3594 32
3203 3212 449 1339	3205 223 2356 3210 295 77 3202 3204
123 538 57 81	147 125 160 120 74 322 21 27 218
5148 7323 5123 5175	5126 24 5149 5142 5150 8031 1126 32
3725 960 618 399	232 2 159 1 1238 1004 743
4012 3995 3976 3996	2 3997 10 3 4013 0 4004 1 3994
731 374 1764 670	2005 2002 2004 52 207 666 266
3461 16 6 5	13 38 28 58 44 19 3462
7 30 367 104 9	263 310 309 308 80 242 25 115 12
363 69 311 230	236 71 2861 46 148 29 447 183 620
521 298 135 529 149	1226 1225 294 299 134 108 1227 34 92 868 980
7 660 2217 36 2215	47 24 30 2210 2214 2213 32 2216 12
7 30 169 49	168 137 110 431 9 454 27 118
82 84 75 87	1599 53 1613 126 172 1614 1612 1610
2737 305 272 549	399 581 3352 317 85 342 2731
17 574 909 0 85	3 335 1 13 871 399 56 2 581
731 374 1764 670	2005 2002 2004 52 207 666 266
11 1015 2841 98	2845 759 10 222 258 2848 401 76 443
35 189 0 4 8568	56 2 29 1261 13606 1 1178 233 18 547
521 298 135 529 149	1226 1225 294 299 134 108 1227 34 92 868 980
7 30 169 49	168 137 110 431 9 454 27 118
10044 10258 10126 369	493 10219 13 10094 1153 10030 10243 113
2924 674 1961 730 2727 579	185 297 2732 127 665 33 153 188 35 2921 43 2733
240 2676 36 1475	47 1564 24 2679 2669 2681 115 12
866 925 504 17	878 11 1455 1443 500 921 895 913
0 1827 20 113 2	60 70 446 327 1 187 523 315 2018
12858 187 5531 0	1666 7285 10181 90 192 20769 3328
344 4932 13 4883	11104 1 105 3026 463 2 1566
6802 6883 41247 7949	1952 131 1416 1140 16 1418 1415
6 0 5 5259	2 28 48 143 2 127 1 0
0 8514 20 2	2049 1592 2 30 26 1 278
15597 5798 5118 2833	3077 3360 3 3531 4293 3330 338 363
6 41 5 38	28 40 63 95 64 19 268 22
2297 4 4160 473	2033 77 56 2 2903 1 2 2819
11 77 0 445	4 15 1 31 8 37 2 191 3
8442 3236 8478 4 7359	5714 1433 3530 3006 1932 637 2000 126 12205
731 374 1764 670	2005 2002 2004 52 207 666 266
2846 1819 2851 388 2300 2008	2847 2854 1901 2852 643 2013 9 2014 2011 2849 2842 2838
7 30 367 104 9	263 310 309 308 80 242 25 115 12
11 1015 2841 98	2845 759 10 222 258 2848 401 76 443
521 298 135 529 149	1226 1225 294 299 134 108 1227 34 92 868 980
7 660 2217 36 2215	47 24 30 2210 2214 2213 32 2216 12
7 30 169 49	168 137 110 431 9 454 27 118
0 960 99 56 2 167	320 438 639 851 13 38 439 982 94 1 876
11 351 9 496	47 350 1212 24 12 36 195
384 169 119 323	649 168 118 220 2086 2087 103
17 395 3451 0	2761 56 2 3 316 1 3170 394
948 378 114 458 298	482 37 2 109 38 1 0 3 18
184 817 174 166 45	8 2 129 15 140 582 0 179 136 1
189 0 4 1217	2 48 1 1777 1912 1205 184
15272 20398 30 20611	20612 127 1412 2381 1112 212 10184 13161
11 1015 2841 98	2845 759 10 222 258 2848 401 76 443
17 55 6 0	3736 19 5 2 2 3 541 3 1
668 55 35 435 0	19 2 849 28 3 335 698 1 386 130
16 2007 6 3575	5 979 14 22 77 568 143 773
490 98 86 2012	1856 37 44 633 154 1479 1429
2846 1819 2851 388 2300 2008	2847 2854 1901 2852 643 2013 9 2014 2011 2849 2842 2838
11 1015 2841 98	2845 759 10 222 258 2848 401 76 443
474 7 2869 97 100	2865 2868 862 192 80 222 101 774 2468
7 30 169 49	168 137 110 431 9 454 27 118
0 960 99 56 2 167	320 438 639 851 13 38 439 982 94 1 876
5688 1820 50 78 1037 2564	1 6 0 41 5 215 22 10 3 18 40 63 3089
3504 3515 3235 181	3982 1482 1471 3768 3688 3531 3537
384 169 119 323	649 168 118 220 2086 2087 103
2924 1961 730 2727 579 185	297 2732 127 665 33 153 188 35 2921 674 43 2733
240 2676 47 3749	24 2679 2669 2681 36 3752 115 12
7 102 30 9 11911	24 11363 32 10 6 446 1
202 2277 2577 2295	528 968 151 5108 3524 185 628
11 622 5 46	2 22 1 676 523 0 41 18 40
35 6 2015 664	1 0 254 1706 1772 186 0 3 2887 1324 1
165 16 256 337	6 178 16875 13 55 1 2 72
0 4 174 45	8 2 129 15 140 1 179 136
11 866 925 921	895 913 504 17 878 1455 1443 500
7 318 97 49	484 2 3 1 0 10 21
208 229 76 153	55 325 98 107 86 732 43 258 651
304 0 4 809	78 8 642 15 33 1 238 139
5398 7137 7180 2382 4938 28	12 956 783 91 307 5366 9 19 1952 619 467 1190 1020
2846 1819 2851 388 2300 2008	2847 2854 1901 2852 643 2013 9 2014 2011 2849 2842 2838
11 1015 2841 98	2845 759 10 222 258 2848 401 76 443
474 7 2869 97 100	2865 2868 862 192 80 222 101 774 2468
7 30 169 49	168 137 110 431 9 454 27 118
0 960 99 56 2 167	320 438 639 851 13 38 439 982 94 1 876
384 169 119 323	649 168 118 220 2086 2087 103
2924 1961 730 2727 579 185	297 2732 127 665 33 153 188 35 2921 674 43 2733
240 2676 47 3749	24 2679 2669 2681 36 3752 115 12
866 925 504 17	878 11 1455 1443 500 921 895 913
82 510 53 552 571	1770 1482 87 573 595 126 553 1780 93 265 503
1155 260 957 1096	1097 1098 73 1608 1100 672 23
8265 0 463 6493 633 2	325 914 774 93 15 26 278 165 15
223 17 77 6 41	1929 1341 3219 5 356 22 40 328 63 1972 587
103 306 1186 400 589 241	280 265 227 412 91 307 393 53 585 404 237 211
2434 154 2065 20	388 1602 1748 1895 3239 1838 2438
521 298 135 529 149	1226 1225 294 299 134 108 1227 34 92 868 980
7 660 2217 36 2215	47 24 30 2210 2214 2213 32 2216 12
554 1138 374 0 635	177 2 2188 1 1802 1288 1860 569 1417
7 30 169 49	168 137 110 431 9 454 27 118
731 374 1764 670	2005 2002 2004 52 207 666 266
3046 3017 2336 0 2995	4540 2 3071 28 3 2278 1915 1 1974
830 9749 163 51 180	112 111 844 9680 39 193 9772 9757 9779 90
521 298 135 529 149	1226 1225 294 299 134 108 1227 34 92 868 980
7 30 169 49	168 137 110 431 9 454 27 118
2737 305 272 549	399 581 3352 317 85 342 2731
6 41 5 38	28 40 63 95 64 19 268 22
3370 6 0 4 5	5 68 13 1 3919 50 44
17 574 909 0 85	3 335 1 13 871 399 56 2 581
0 19 2 556	3 1 11 4112 4 132 13 28 1219
11 1015 2841 98	2845 759 10 222 258 2848 401 76 443
521 298 135 529 149	1226 1225 294 299 134 108 1227 34 92 868 980
7 30 169 49	168 137 110 431 9 454 27 118
384 169 119 323	649 168 118 220 2086 2087 103
2924 1961 730 2727 579 185	297 2732 127 665 33 153 188 35 2921 674 43 2733
240 2676 47 3749	24 2679 2669 2681 36 3752 115 12
866 925 504 17	878 11 1455 1443 500 921 895 913
17 574 909 0 85	3 335 1 13 871 399 56 2 581
797 559 558 557	561 545 1318 544 83 560 1316
3019 122 1018 2835	771 955 13 2095 494 2835 427 1767 156
82 510 53 552 571	1770 1482 87 573 595 126 553 1780 93 265 503
1155 260 957 1096	1097 1098 73 1608 1100 672 23
103 306 1186 400 589 241	280 265 227 412 91 307 393 53 585 404 237 211
521 298 135 529 149	1226 1225 294 299 134 108 1227 34 92 868 980
7 660 2217 36 2215	47 24 30 2210 2214 2213 32 2216 12
554 1138 374 0 635	177 2 2188 1 1802 1288 1860 569 1417
7 30 169 49	168 137 110 431 9 454 27 118
0 4 71 146 19	2 109 286 11 55 477 28 1 550
82 84 75 87	1599 53 1613 126 172 1614 1612 1610
2066 1269 1277 439	85 1685 1195 395 1760 1376 394
731 374 1764 670	2005 2002 2004 52 207 666 266
2846 1819 2851 388 2300 2008	2847 2854 1901 2852 643 2013 9 2014 2011 2849 2842 2838
11 1015 2841 98	2845 759 10 222 258 2848 401 76 443
521 298 135 529 149	1226 1225 294 299 134 108 1227 34 92 868 980
7 30 169 49	168 137 110 431 9 454 27 118
0 960 99 56 2 167	320 438 639 851 13 38 439 982 94 1 876
384 169 119 323	649 168 118 220 2086 2087 103
2924 674 1961 730 2727 579	185 297 2732 127 665 33 153 188 35 2921 43 2733
240 2676 36 1475	47 1564 24 2679 2669 2681 115 12
866 925 504 17	878 11 1455 1443 500 921 895 913
35 270 706 264	43 343 715 76 793 127 262 919 700
731 374 1764 670	2005 2002 2004 52 207 666 266
521 298 135 529 149	1226 1225 294 299 134 108 1227 34 92 868 980
7 30 169 49	168 137 110 431 9 454 27 118
1015 401 1498 759	10 222 1512 258 11 1503 98 76 443
69 16 49 19 1140	34 79 42 93 320 29 28 21 59 27
929 532 26 785 9 524	525 36 47 531 24 25 1206 7 1205 32 1204 1197
948 378 114 458 0	298 482 37 2 299 1083 33 18 1
31 11 77 0	4 8 3 452 2 191 66
17 574 909 0 85	3 335 1 13 871 399 56 2 581
1155 260 957 1096	1097 1098 73 1608 1100 672 23
2336 146 19 13	2 28 931 0 3 2278 1 1974
103 306 1186 400 589 241	280 265 227 412 91 307 393 53 585 404 237 211
7 30 169 49	168 137 110 431 9 454 27 118
1676 11 351 1607	9 496 336 47 350 1212 36 195
391 16 6 0 19	3553 5 28 3479 3 2 3615 38 3190 1 1974
948 378 114 458 0	298 482 37 2 299 1083 33 18 1
0 1827 20 113 2	60 70 446 327 1 187 523 315 2018
6 41 5 38	28 40 63 95 64 19 268 22
452 31 11 0	4 8 663 15 1 77 2 191 3
8226 6673 24 32	25 8201 6672 30 6742 26 83 6769
7 30 169 49	168 137 110 431 9 454 27 118
3504 3515 3235 181	3982 1482 1471 3768 3688 3531 3537
948 378 114 458 0	298 482 37 2 299 1083 33 18 1
31 11 77 0	4 8 3 452 2 191 66
882 6 41 509	5 8 1753 22 889 40 63 15
6 509 1620 422 14 889	63 1715 882 41 819 437 50 5 215 22 40
0 445 4 8	2 3 15 452 31 10 1
0 14 8 2	128 3 1 116 69 31 16
926 901 181 2777	1059 3025 3092 4395 4396 2247 2232
948 378 114 458 298	482 37 2 109 38 1 0 3 18
11 1595 866 895	504 17 878 525 962 2134 921 215
39581 39116 36141 32737 270	20623 1412 1112 111 191 641 1112 232 78 1071 1394
223 77 6 570 1792 5	18 587 278 463 20 272 2176 44 2049 3357
6 41 5 38	28 40 63 95 64 19 268 22
119 0 4 174	45 8 2 129 15 140 1 179 136
2043 7 1596 73 2042	2051 630 47 2048 719 36 24 2687 25
304 0 4 809	78 8 642 15 33 1 238 139
7 102 30 9 6169	192 6263 32 12 101 752 918 742 24 6153
1327 121 201 161	52 548 719 300 829 1346 1530
731 374 1764 670	2005 2002 2004 52 207 666 266
105 0 2 10	3 148 3181 142 212 1 506
7 30 367 104 9	263 310 309 308 80 242 25 115 12
54 2130 4 2874 216 7982	1182 1 344 3326 1853 914 2320 1786 109 5 885
6 41 664 380	775 40 143 5 212 2692 2537 983 22
521 298 135 529 149	1226 1225 294 299 134 108 1227 34 92 868 980
7 660 2217 36 2215	47 24 30 2210 2214 2213 32 2216 12
7 30 169 49	168 137 110 431 9 454 27 118
384 169 119 323	649 168 118 220 2086 2087 103
16 6 4462 0	230 514 633 5 1259 2938 44 1 2
17 574 909 0 85	3 335 1 13 871 399 56 2 581
1024 451 231 396 1435	1021 974 1014 988 1009 687 1012 881 1438
82 510 53 552 571	1770 1482 87 573 595 126 553 1780 93 265 503
363 182 0 1954	271 2 300 1 884 177 13 46
369 406 1301 13 94	106 122 99 56 273 167 1375 5113 3437 23 214
731 2070 189 2422 1265	93 2222 2263 508 2399 2333 2413 2081 1177
11 866 925 504	17 878 1595 500 2194 921 2190 895 913
11 566 0 4 514	518 13 1259 10 1 450 2 3 18 1591
7 318 97 0	49 484 2 3 1 10 21
208 2456 229 76 153	55 325 98 107 86 732 43 258 651
82 510 53 552 571	1770 1482 87 573 595 126 553 1780 93 265 503
1155 260 957 1096	1097 1098 73 1608 1100 672 23
223 17 77 6 41	1929 1341 3219 5 356 22 40 328 63 1972 587
103 306 1186 400 589 241	280 265 227 412 91 307 393 53 585 404 237 211
2434 154 2065 20	388 1602 1748 1895 3239 1838 2438
521 298 135 529 149	1226 1225 294 299 134 108 1227 34 92 868 980
554 1138 374 0 635	177 2 2188 1 1802 1288 1860 569 1417
7 30 169 49	168 137 110 431 9 454 27 118
82 84 75 87	1599 53 1613 126 172 1614 1612 1610
689 0 13 2	206 303 244 232 1829 1 312
731 374 1764 670	2005 2002 2004 52 207 666 266
7 30 367 104 9	263 310 309 308 80 242 25 115 12
11 1015 2841 98	2845 759 10 222 258 2848 401 76 443
521 298 135 529 149	1226 1225 294 299 134 108 1227 34 92 868 980
7 660 2217 36 2215	47 24 30 2210 2214 2213 32 2216 12
7 30 169 49	168 137 110 431 9 454 27 118
384 169 119 323	649 168 118 220 2086 2087 103
2924 674 1961 730 2727 579	185 297 2732 127 665 33 153 188 35 2921 43 2733
240 2676 36 1475	47 1564 24 2679 2669 2681 115 12
866 925 504 17	878 11 1455 1443 500 921 895 913
5148 5150 83 5123	8020 8090 5175 5126 5149 8184 5142
11 458 5022 2	3 33 1 5564 0 6066 281
872 2 139 94	1 0 99 1963 13 52 1958 167
3769 4287 4285 12	7 30 26 49 83 427 25 3594 32
3203 3212 449 1339	3205 223 2356 3210 295 77 3202 3204
123 538 57 81	147 125 160 120 74 322 21 27 218
6 41 5 38	28 40 63 95 64 19 268 22
5148 7323 5123 5175	5126 24 5149 5142 5150 8031 1126 32
4012 3995 3976 3996	2 3997 10 3 4013 0 4004 1 3994
73 5874 5948 630 47	24 5862 5865 5970 25 7 36 5916 719
35 270 706 264	43 343 715 76 793 127 262 919 700
731 374 1764 670	2005 2002 2004 52 207 666 266
363 69 311 230	236 71 2861 46 148 29 447 183 620
945 49 879 441	894 442 316 148 949 56 1798
521 298 135 529 149	1226 1225 294 299 134 108 1227 34 92 868 980
7 30 169 49	168 137 110 431 9 454 27 118
82 84 75 87	1599 53 1613 126 172 1614 1612 1610
1015 401 1498 759	10 222 1512 258 11 1503 98 76 443
929 532 26 785 9 524	525 36 47 531 24 25 1206 7 1205 32 1204 1197
948 378 114 458 0	298 482 37 2 299 1083 33 18 1
35 270 706 264	43 343 715 76 793 127 262 919 700
731 374 1764 670	2005 2002 2004 52 207 666 266
42 7 263 80	736 636 10 21 242 27 34
363 69 311 230	236 71 2861 46 148 29 447 183 620
945 49 879 441	894 442 316 148 949 56 1798
521 298 135 529 149	1226 1225 294 299 134 108 1227 34 92 868 980
7 660 2217 36 2215	47 24 30 2210 2214 2213 32 2216 12
7 30 169 49	168 137 110 431 9 454 27 118
82 84 75 87	1599 53 1613 126 172 1614 1612 1610
1015 401 1498 759	10 222 1512 258 11 1503 98 76 443
2846 1819 2851 388 2300 2008	2847 2854 1901 2852 643 2013 9 2014 2011 2849 2842 2838
11 1015 2841 98	2845 759 10 222 258 2848 401 76 443
474 7 2869 97 100	2865 2868 862 192 80 222 101 774 2468
7 30 169 49	168 137 110 431 9 454 27 118
0 960 99 56 2 167	320 438 639 851 13 38 439 982 94 1 876
3504 3515 3235 181	3982 1482 1471 3768 3688 3531 3537
384 169 119 323	649 168 118 220 2086 2087 103
2924 1961 730 2727 579 185	297 2732 127 665 33 153 188 35 2921 674 43 2733
240 2676 47 3749	24 2679 2669 2681 36 3752 115 12
866 925 504 17	878 11 1455 1443 500 921 895 913
731 374 1764 670	2005 2002 2004 52 207 666 266
11 1015 2841 98	2845 759 10 222 258 2848 401 76 443
35 189 0 4 8568	56 2 29 1261 13606 1 1178 233 18 547
521 298 135 529 149	1226 1225 294 299 134 108 1227 34 92 868 980
7 30 169 49	168 137 110 431 9 454 27 118
10044 10258 10126 369	493 10219 13 10094 1153 10030 10243 113
2924 674 1961 730 2727 579	185 297 2732 127 665 33 153 188 35 2921 43 2733
240 2676 36 1475	47 1564 24 2679 2669 2681 115 12
866 925 504 17	878 11 1455 1443 500 921 895 913
2007 4165 6 463	205 541 2 1280 1 0 254 13 143 224
731 374 1764 670	2005 2002 2004 52 207 666 266
363 69 311 230	236 71 2861 46 148 29 447 183 620
521 298 135 529 149	1226 1225 294 299 134 108 1227 34 92 868 980
7 30 169 49	168 137 110 431 9 454 27 118
82 84 75 87	1599 53 1613 126 172 1614 1612 1610
0 1827 20 113 2	60 70 446 327 1 187 523 315 2018
17 574 909 0 85	3 335 1 13 871 399 56 2 581
797 559 558 557	561 545 1318 544 83 560 1316
693 643 1507 699 1502 691	1514 703 1493 1511 9 1496 388 1491 1492 697 695 704
0 445 4 8	2 3 15 452 31 10 1
1155 260 957 1096	1097 1098 73 1608 1100 672 23
223 17 77 6 41	1929 1341 3219 5 356 22 40 328 63 1972 587
103 306 1186 400 589 241	280 265 227 412 91 307 393 53 585 404 237 211
2434 154 2065 20	388 1602 1748 1895 3239 1838 2438
7 521 298 135 529 149	1226 1225 294 299 134 108 1227 92 868 980 12 34
554 1138 374 0 635	177 2 2188 1 1802 1288 1860 569 1417
7 30 169 49	168 137 110 431 9 454 27 118
474 7 1529 1526 97	774 100 1525 862 192 80 222 101 23
82 84 75 87	1599 53 1613 126 172 1614 1612 1610
287 2556 371 1828 2565	99 271 167 94 1826 13 14 2385 1900
731 374 1764 670	2005 2002 2004 52 207 666 266
7 30 367 104 9	263 310 309 308 80 242 25 115 12
830 9749 163 51 180	112 111 844 9680 39 193 9772 9757 9779 90
521 298 135 529 149	1226 1225 294 299 134 108 1227 34 92 868 980
7 660 2217 36 2215	47 24 30 2210 2214 2213 32 2216 12
7 30 169 49	168 137 110 431 9 454 27 118
384 169 119 323	649 168 118 220 2086 2087 103
2737 305 272 549	399 581 3352 317 85 342 2731
688 3323 3355 77	7113 223 55 2264 2244 216 2740 359
17 574 909 0 85	3 335 1 13 871 399 56 2 581
3215 433 847 151	2553 83 2512 409 403 398 2545
97 774 100 192 3972	6027 70 121 6 3094 4372 3025 181 5410
0 1062 1109 261	543 2 290 183 1 1092 304
433 84 75 53 667	8 409 1077 823 403 269 338 714 398 15
54 0 818 71 50 197	2 70 547 327 1 1824 11 2 622 417 69 2206
1824 189 0 4 1217	1736 48 2799 2218 1 1777 1912 132 68
0 1734 2411 6432	2 2611 1 254 19 1236 190 86
233 6 41 1722	50 268 5 22 216 40 63
0 230 107 275 1260	148 11 763 504 494 3 18 1 23
184 0 174 45	2 804 3 129 140 1 45 179 136
6 380 2 865	44 4222 1 0 13 2 18 1369
35 270 706 264	43 343 715 76 793 127 262 919 700
731 374 1764 670	2005 2002 2004 52 207 666 266
7 30 367 104 9	263 310 309 308 80 242 25 115 12
521 298 135 529 149	1226 1225 294 299 134 108 1227 34 92 868 980
7 660 2217 36 2215	47 24 30 2210 2214 2213 32 2216 12
7 30 169 49	168 137 110 431 9 454 27 118
1015 401 1498 759	10 222 1512 258 11 1503 98 76 443
69 16 49 19 1140	34 79 42 93 320 29 28 21 59 27
929 532 26 785 9 524	525 36 47 531 24 25 1206 7 1205 32 1204 1197
6 380 2 865	44 4222 1 0 13 2 18 1369
35 270 706 264	43 343 715 76 793 127 262 919 700
731 374 1764 670	2005 2002 2004 52 207 666 266
7 30 367 104 9	263 310 309 308 80 242 25 115 12
521 298 135 529 149	1226 1225 294 299 134 108 1227 34 92 868 980
7 660 2217 36 2215	47 24 30 2210 2214 2213 32 2216 12
7 30 169 49	168 137 110 431 9 454 27 118
1015 401 1498 759	10 222 1512 258 11 1503 98 76 443
69 16 49 19 1140	34 79 42 93 320 29 28 21 59 27
929 532 26 785 9 524	525 36 47 531 24 25 1206 7 1205 32 1204 1197
363 69 311 230	236 71 2861 46 148 29 447 183 620
95 6 1840 1173	19 2989 19 28 44 1254 1 23
521 298 135 529 149	1226 1225 294 299 134 108 1227 34 92 868 980
7 30 169 49	168 137 110 431 9 454 27 118
3984 3728 6551 6237 5509 4324	4045 3338 155 3000 369 232 238 211 515 227 159 3371 214
363 11 64 6 230 2567	20 1476 5 450 72 209 1259 148 243 345 685 285
223 77 6 570 1792 5	18 587 278 463 20 272 2176 44 2049 3357
830 15911 163 844 15532	16500 51 15734 180 16338 39 193 15670 90
233 2791 2840 3015	3087 2717 2763 802 2786 1722 2856
0 10651 277 5027	2 602 3 335 1823 1855 1 632
731 374 1764 670	2005 2002 2004 52 207 666 266
7 30 367 104 9	263 310 309 308 80 242 25 115 12
830 9749 163 51 180	112 111 844 9680 39 193 9772 9757 9779 90
521 298 135 529 149	1226 1225 294 299 134 108 1227 34 92 868 980
7 660 2217 36 2215	47 24 30 2210 2214 2213 32 2216 12
7 30 169 49	168 137 110 431 9 454 27 118
384 169 119 323	649 168 118 220 2086 2087 103
2737 305 272 549	399 581 3352 317 85 342 2731
17 574 909 0 85	3 335 1 13 871 399 56 2 581
17 122 0 71 659	2 60 70 3 3415 20 369 1 23
17 1033 4 71 1476	68 13 37 623 247 55 11 2 238
363 69 311 230	236 71 2861 46 148 29 447 183 620
521 298 135 529 149	1226 1225 294 299 134 108 1227 34 92 868 980
7 30 169 49	168 137 110 431 9 454 27 118
797 559 558 557	561 545 1318 544 83 560 1316
17 0 236 20 37 209	285 233 311 117 64 197 68 822 620 1 506
337 1931 782 2892	196 3355 35 142 1862 682 303 1446
14752 163 15432 14902	144 90 14874 112 111 14710 20547
0 216 3222 1	1702 11 1335 6414 1021 3722 54
2737 305 272 549	399 581 3352 317 85 342 2731
11 0 230 107	275 2 1260 504 494 3 18 1 23
31 11 77 0	4 8 3 452 2 191 66
668 55 35 435 0	19 2 849 28 3 335 698 1 386 130
17 64 1033 0 1476 68	13 37 1381 623 11 247 55 4 990 140 3 32 1566 10
817 174 45 2 129 663	15 140 1 452 184 582 0 166 8 179 136
1871 106 1543 0	631 1793 45 2 1864 1 23
233 2791 2840 3015	3087 2717 2763 802 2786 1722 2856
11 866 925 504	17 878 1595 500 2194 921 2190 895 913
1303 1440 0 1299	96 2 10 12 612 606 1
208 2456 229 76 153	55 325 98 107 86 732 43 258 651
