82 510 53 552 571	1770 172 265 87 573 595 553 1780 93 503
35 270 706 264	43 343 715 76 793 127 262 919 700
11 0 230 107	275 2 1260 504 494 3 18 1 23
2336 1338 146 19	13 2 28 0 3 2278 1 1974
817 174 45 2 129 663	15 140 1 452 184 582 0 166 238 179 136
498 6 810 688	2607 781 278 292 5 420 22 708 2612
391 16 6 0 19	3553 5 28 3479 3 2 3615 38 3190 1 1974
1871 106 1543 0	631 45 1793 2 1864 1 23
1015 401 1498 759	10 222 1512 258 11 1503 98 76 443
381 908 10 1105	709 958 1008 55 563 13 812
82 510 53 552 571	1770 172 265 87 573 595 553 1780 93 503
1155 260 957 1096	1097 1098 73 1608 1100 672 23
103 306 1186 400 589 241	280 265 227 412 91 307 393 53 585 404 237 211
521 298 135 529 149	1226 1225 294 299 134 108 1227 92 868 980 34
7 660 2217 36 2215	47 24 30 2210 2214 2213 32 2216 12
554 1138 374 0 635	177 2 2188 1 1802 1288 1860 569 1417
7 30 169 49	168 137 110 431 9 454 27 118
0 4 71 146 19	2 109 286 11 55 477 28 1 550
82 84 75 87	1599 53 1613 7703 126 172 1614 1612 1610
2066 1269 1277 439	85 1685 1195 395 1760 1376 394
7120 6659 3149 9404 19	3364 716 1750 1018 101 1255 43 157 1018 127 131
3010 6961 4091 7011 73	7592 9047 3006 7233 2795 5661 5063 3143
16 0 5 17981 2	223 330 1253 22 40 63 6 5 215 38 1
35 97 3990 98	43 3639 3209 76 793 127 262 264 3231
7 30 169 49	168 137 110 431 9 454 27 118
0 960 99 56 2 167	320 438 639 851 13 38 439 982 94 1 876
384 169 119 323	649 168 118 220 2086 2087 103
1961 730 579 185 297	2732 127 665 33 153 188 674 43 2733 1387 2727
2676 47 3749 24	2679 12 2669 2681 36 3752 126
866 925 504 17	878 11 1455 1443 500 921 895 913
82 510 53 552 571	1770 172 265 87 573 595 553 1780 93 503
1155 260 957 1096	1097 1098 73 1608 1100 672 23
69 2246 315 435	254 71 275 2026 2725 822 33 23
223 17 77 6 41	1929 1341 3219 5 356 22 40 328 63 1972 587
103 306 1186 400 589 241	280 265 227 412 91 307 393 53 585 404 237 211
2434 154 2065 20	388 1602 1748 1895 3239 1838 2438
7 521 298 135 529 149	1226 1225 294 299 134 108 1227 92 868 980 12 34
7 660 2217 36 2215	47 24 30 2210 2214 2213 32 2216 12
554 1138 374 0 635	177 2 2188 1 1802 1288 1860 569 1417
7 30 169 49	168 137 110 431 9 454 27 118
35 270 706 264	43 343 715 76 793 127 262 919 700
731 374 1764 670	2005 2002 2004 52 207 666 266
7 30 367 104 9	263 310 309 308 80 242 25 115 12
521 298 135 529 149	1226 1225 294 299 134 108 1227 92 868 980 34
7 660 2217 36 2215	47 24 30 2210 2214 2213 32 2216 12
7 30 169 49	168 137 110 431 9 454 27 118
1015 401 1498 759	10 222 1512 258 11 1503 98 76 443
69 16 49 19 1140	34 79 42 93 320 29 28 21 59 27
929 532 26 785 9 524	525 36 47 531 24 25 1206 7 1205 32 1204 1197
948 378 114 458 0	298 482 37 2 299 1083 33 18 1
948 378 114 458 298	482 37 2 299 1083 18 33 1 0
82 84 75 87	1599 53 1613 7703 126 172 1614 1612 1610
7 30 660 2217 36	2215 47 24 2210 2214 2213 32 2216 12
817 174 166 8 2 129	663 15 140 1 452 184 582 0 45 179 136
899 55 208 415	19 229 624 28 286 497 124
11 1763 458 0	2 1712 3 281 33 1589 1
2043 7 1596 73 2042	2051 36 630 47 2048 719 24 2687 25
4936 5267 5468 20	2707 803 1112 127 4301 3747 105 1740 4037
485 274 307 911 1262	404 231 656 898 412 237 211 1245 468
886 238 2512 373 372	579 275 1278 24 59 790 49 93 770 656 2637
11 458 0 2603	161 2 2783 3 281 33 1
872 2 139 94	1 0 99 1963 13 52 1958 167
433 269 84 75 53	667 8 409 1077 823 403 338 714 398 15
802 54 233 41 50	22 44 1 800 0 154 2 68
11 6 41 5 56 4884	22 2968 40 2944 63 180 983 40 244 18 40 63
123 538 57 81	147 125 120 160 74 322 21 27 218
120 520 387 57 81	74 147 218 846 1266 260 123 79 1687
69 202 151 2766	50 983 216 29 33 7 54
1138 872 0 562	2599 99 273 94 1 2570 2
0 166 45 132	46 2 48 1 4 3 18
17 574 909 0 85	3 335 1 13 871 399 56 2 581
3973 1538 1824 2212 2072	154 20 377 3807 319 1553 3568 2 1855 44 1
7 30 169 49	168 137 110 431 9 454 27 118
730 7454 7455 7544 665	7542 153 188 7368 1387 7330 7475 579 185 7593 33
384 169 119 323	649 168 118 220 2086 2087 103
7 75 0 1408 368 1431	37 2 1312 12 467 1 1315 499 21 27 3 987
17 122 374 369	376 177 1357 139 829 272 164
948 378 114 458 0	298 482 37 2 299 1083 33 18 1
43 229 76 153	55 325 98 7470 208 107 86 258 651
11 77 0 4	8 15 1 31 2 191 3
1155 260 957 1096	1097 1098 73 1608 1100 672 23
35 270 706 264	43 343 715 76 793 127 262 919 700
945 49 879 894	442 316 148 949 441 56 1798
103 306 1186 400 589 241	280 265 227 412 91 307 393 53 585 404 237 211
521 298 135 529 149	1226 1225 294 299 134 108 1227 92 868 980 34
554 1138 374 0 635	177 2 2188 1 1802 1288 1860 569 1417
7 30 169 49	168 137 110 431 9 454 27 118
1676 11 351 1607	9 496 336 47 350 1212 36 195
495 0 760 20	518 884 282 2 891 60 1 363 896
337 0 19 2118	2 28 1 341 13 623 709
105 0 2 10	3 148 3181 142 212 1 506
2209 5065 6 5 2	1 0 41 22 3 18 40 63 5886
0 113 2 48	70 3577 3182 1317 68 1 362
54 2130 4 2874 216 7982	1182 1 344 3326 1853 914 0 5311 46 2 990 10
6 5 2 22 5386	11 11293 0 41 3 18 40 1 6244
105 146 345 4357	198 241 319 129 386 2262 224 282
154 13 1703 3681	29 5242 564 145 1913 0 1345 1
17 54 233 5607 0 8039	880 213 1377 8164 2 420 414 3 8450 2771 1
95 104 393 15511 146	5 512 1796 91 3254 1786 6 115 44 210
402 95 6 1772 5	516 113 60 38 28 221 327 19 962
6 41 5784 3211	22 2490 40 5 215 63 196
731 374 1764 670	2005 2002 2004 52 207 666 266
2846 1819 2851 388 2300 2008	2847 2854 1901 2852 643 2013 9 2014 2011 2849 2842 2838
11 1015 2841 98	2845 759 10 222 258 2848 401 76 443
521 298 135 529 149	1226 1225 294 299 134 108 1227 92 868 980 34
7 30 169 49	168 137 110 431 9 454 27 118
0 960 99 56 2 167	320 438 639 851 13 38 439 982 94 1 876
11 351 9 496	47 350 1212 24 12 36 195
384 169 119 323	649 168 118 220 2086 2087 103
2924 674 1961 730 2727 579	185 297 2732 127 665 33 153 188 35 2921 43 2733
54 6 0 5	109 59 12 4795 397 6739 391
35 270 706 264	43 343 715 76 793 127 262 919 700
6 41 5784 3211	22 2490 40 5 215 63 196
731 374 1764 670	2005 2002 2004 52 207 666 266
593 276 181 760	608 9 8 78 78 723 68 15 153 60
521 298 135 529 149	1226 1225 294 299 134 108 1227 92 868 980 34
7 30 169 49	168 137 110 431 9 454 27 118
384 169 119 323	649 168 118 220 2086 2087 103
1015 401 1498 759	10 222 1512 258 11 1503 98 76 443
929 532 26 785 9 524	525 36 47 531 24 25 1206 7 1205 32 1204 1197
6 41 5784 3211	22 2490 40 5 215 63 196
731 374 1764 670	2005 2002 2004 52 207 666 266
2846 1819 2851 388 2300 2008	2847 2854 1901 2852 643 2013 9 2014 2011 2849 2842 2838
11 1015 2841 98	2845 759 10 222 258 2848 401 76 443
521 298 135 529 149	1226 1225 294 299 134 108 1227 92 868 980 34
7 30 169 49	168 137 110 431 9 454 27 118
0 960 99 56 2 167	320 438 639 851 13 38 439 982 94 1 876
11 351 9 496	47 350 1212 24 12 36 195
384 169 119 323	649 168 118 220 2086 2087 103
2924 674 1961 730 2727 579	185 297 2732 127 665 33 153 188 35 2921 43 2733
82 510 53 552 571	1770 172 265 87 573 595 553 1780 93 503
1155 260 957 1096	1097 1098 73 1608 1100 672 23
223 17 77 6 41	1929 1341 3219 5 356 22 40 328 63 1972 587
103 306 1186 400 589 241	280 265 227 412 91 307 393 53 585 404 237 211
2434 154 2065 20	388 1602 1748 1895 3239 1838 2438
7 521 298 135 529 149	1226 1225 294 299 134 108 1227 92 868 980 12 34
7 660 2217 36 2215	47 24 30 2210 2214 2213 32 2216 12
554 1138 374 0 635	177 2 2188 1 1802 1288 1860 569 1417
7 30 169 49	168 137 110 431 9 454 27 118
474 7 1529 1526 97	774 100 1525 862 192 80 222 101 23
71 20 209 285 224	328 124 64 35 619 3707 283 37 543
82 510 53 552 571	1770 172 265 87 573 595 553 1780 93 503
363 69 311 230	236 71 2861 46 148 29 447 183 620
521 298 135 529 149	1226 1225 294 299 134 108 1227 92 868 980 34
7 660 2217 36 2215	47 24 30 2210 2214 2213 32 2216 12
7 30 169 49	168 137 110 431 9 454 27 118
82 84 75 87	1599 53 1613 7703 126 172 1614 1612 1610
2737 305 272 549	399 581 3352 317 85 342 2731
6 41 5 38	28 40 63 95 64 19 268 22
3215 847 30 97 8335 83	12920 2512 11776 22790 2866 19175 162 11757 113 10667 13
230 1889 577 647 204	116 456 3279 2863 121 5440 547 427 3530 5303
2256 230 760 50	2 60 48 18 148 0 154 1
6440 6444 6302 6349 6463 6431	62 90 1908 163 112 1799 111 6428 39 6426 6460 6373 6466
3572 418 11077 8788 5692	3668 935 101 13130 861 674 7364 29 1642
20401 144 20456 180	327 172 247 25 1339 2284 2 3066 1628
6242 0 2775 3608 2	1736 1866 3 4817 13480 2467 1 6324 2052 877
32641 22112 8144 9637 24089	105 277 2 1018 1590 427 1 5566 2 72
5273 0 3457 2 1736	20169 2632 2 3035 1 174 20719 2118
9215 9157 5093 18974 8896 7676	71 2734 2076 23 647 405 353 1950 277 211 311 527 4095 136
163 19890 19113 39	14930 28897 112 111 844 12700 28283
1155 260 957 1096	1097 1098 73 1608 1100 672 23
103 306 1186 400 589 241	280 265 227 412 91 307 393 53 585 404 237 211
521 298 135 529 149	1226 1225 294 299 134 108 1227 92 868 980 34
554 1138 374 0 635	177 2 2188 1 1802 1288 1860 569 1417
7 30 169 49	168 137 110 431 9 454 27 118
6 3117 41 268 5	5 851 1856 224 403 520 398 23
0 4 71 146 19	2 109 286 11 55 477 28 1 550
82 84 75 87	1599 53 1613 7703 126 172 1614 1612 1610
8279 20061 7784 4504	4402 68 1721 2790 1557 20 1548 436 1567
17 574 909 0 85	3 335 1 13 871 399 56 2 581
2846 1819 2851 388 2300 2008	2847 2854 1901 2852 643 2013 9 2014 2011 2849 2842 2838
11 1015 2841 98	2845 759 10 222 258 2848 401 76 443
474 7 2869 97 100	2865 2868 862 192 80 222 101 774 2468
7 30 169 49	168 137 110 431 9 454 27 118
0 960 99 56 2 167	320 438 639 851 13 38 439 982 94 1 876
384 169 119 323	649 168 118 220 2086 2087 103
2924 1961 730 2727 579 185	297 2732 127 665 33 153 188 35 2921 674 43 2733
240 2676 47 3749	24 2679 2669 2681 36 3752 115 12
866 925 504 17	878 11 1455 1443 500 921 895 913
929 532 26 785 524 525	36 47 531 24 25 1206 7 9 1205 32 1204 1197
1155 260 957 1096	1097 1098 73 1608 1100 672 23
223 17 77 6 41	1929 1341 3219 5 356 22 40 328 63 1972 587
103 306 1186 400 589 241	280 265 227 412 91 307 393 53 585 404 237 211
91 1404 1785 361 93	656 38 28 1 64 5 209 22 285 44 1219
2434 154 2065 20	388 1602 1748 1895 3239 1838 2438
7 521 298 135 529 149	1226 1225 294 299 134 108 1227 92 868 980 12 34
554 1138 374 0 635	177 2 2188 1 1802 1288 1860 569 1417
7 30 169 49	168 137 110 431 9 454 27 118
474 7 1529 1526 97	774 100 1525 862 192 80 222 101 23
82 84 75 87	1599 53 1613 7703 126 172 1614 1612 1610
948 378 114 458 298	482 37 2 299 1083 18 33 1 0
20 2 70 1	492 1 2 637 10 2285 10
16 187 21038 377 113	60 38 3 204 1 2695 50 20 22 140 773
30593 2297 4 2833 2755	2662 29 319 333 218 275 1394 1550 141 1328
2 1 0 837	4 5 191 2 3 32785 1 17
344 4932 13 4883	11809 3 1 0 3374 2 3330
15597 5798 5118 2833	3074 8003 13 3073 711 5157 29 1851 6881 682
41 14953 268 5 22	216 38 28 63 739 54 16 1423
11 622 5 46	2 22 1 676 523 0 41 18 40
16 19 5259 5814 28 1877	6 1890 44 6 19 268 22 140 773 22 40 40
35 270 706 264	43 343 715 76 793 127 262 919 700
731 374 1764 670	2005 2002 2004 52 207 666 266
7 30 367 104 9	263 310 309 308 80 242 25 115 12
16505 12882 9714 6467 0	361 1757 159 1018 159 159 159 289 285 18 164
521 298 135 529 149	1226 1225 294 299 134 108 1227 92 868 980 34
7 660 2217 36 2215	47 24 30 2210 2214 2213 32 2216 12
7 30 169 49	168 137 110 431 9 454 27 118
1015 401 1498 759	10 222 1512 258 11 1503 98 76 443
69 16 49 19 1140	34 79 42 93 320 29 28 21 59 27
929 532 26 785 9 524	525 36 47 531 24 25 1206 7 1205 32 1204 1197
11 0 230 107	275 2 1260 504 494 3 18 1 23
102 73 5758 5731	6674 6755 5750 23 9568 7540 6702
817 174 45 2 129 663	15 140 1 452 184 582 0 166 238 179 136
1871 106 1543 0	631 45 1793 2 1864 1 23
369 406 1301 13 56	94 106 122 99 273 167 1375 5113 3437 23 214
42 364 801 131	5082 34 893 255 80 21 27
11 1595 866 925	895 504 17 878 500 2194 921 2190 913
1303 1440 0 1299	96 2 10 12 612 606 1
17 574 909 0 85	3 335 1 13 871 399 56 2 581
208 2456 229 76 153	55 325 98 107 86 732 43 258 651
17 574 909 0 85	3 335 1 13 871 399 56 2 581
521 298 135 529 149	1226 1225 294 299 134 108 1227 92 868 980 34
7 30 169 49	168 137 110 431 9 454 27 118
730 7454 7455 7544 665	7542 153 188 7368 1387 7330 7475 579 185 7593 33
384 169 119 323	649 168 118 220 2086 2087 103
17 122 374 369	376 177 1357 139 829 272 164
948 378 114 458 0	298 482 37 2 299 1083 33 18 1
43 229 76 153	55 325 98 7470 208 107 86 258 651
11 77 0 4	8 15 1 31 2 191 3
97 657 5193 7665	3787 33 7532 262 4264 4350 7691
2486 6 5689 0 2590	5491 44 1 17 69 2 72 159 1004 743
6 2590 5 132 2	22 1 5046 2486 0 41 40 224
344 46 2 3	143 1 0 1678 2 1280 1004 743
9769 1576 377 775	10 319 303 196 142 212 273 167
7 30 169 49	168 137 110 431 9 454 27 118
384 169 119 323	649 168 118 220 2086 2087 103
7 75 0 1408 368 1431	37 2 1312 12 467 1 1315 499 21 27 3 987
17 122 374 369	376 177 1357 139 829 272 164
43 229 76 153	55 325 98 7470 208 107 86 258 651
97 657 5193 7665	3787 33 7532 262 4264 4350 7691
2486 6 5689 0 2590	5491 44 1 17 69 2 72 159 1004 743
6 2590 5 132 2	22 1 5046 2486 0 41 40 224
344 46 2 3	143 1 0 1678 2 1280 1004 743
9769 1576 377 775	10 319 303 196 142 212 273 167
7 30 169 49	168 137 110 431 9 454 27 118
384 169 119 323	649 168 118 220 2086 2087 103
7 75 0 1408 368 1431	37 2 1312 12 467 1 1315 499 21 27 3 987
17 122 374 369	376 177 1357 139 829 272 164
43 229 76 153	55 325 98 7470 208 107 86 258 651
97 657 5193 7665	3787 33 7532 262 4264 4350 7691
402 324 154 146	19 13 282 320 38 28 2145
1010 52 1002 627	998 3894 995 5057 3863 1001 1003 999 1007
7 245 250 47	246 530 24 32 12 36 249
84 75 87 661	53 9563 662 9615 80 9646 9643
0 78 46 48	28 10 19 3 18 1 2138
0 960 78 99 13 56	167 320 438 639 851 38 439 982 94 1 876
304 0 4 809	856 2 933 1 17 936 932 55
866 925 921 895 913 18	17 878 199 11 859 1455 1443 500 504 131 148
7 102 30 9 6169	192 6263 32 12 101 752 918 742 24 6153
40623 39 90 180	2 3836 6258 1 0 154 13 283 2
18255 41 14397 19	5 22 38 1 1716 20 209 5 142 215
82 510 53 552 571	1770 172 265 87 573 595 553 1780 93 503
363 69 311 230	236 71 2861 46 148 29 447 183 620
6 41 664 380	775 40 143 5 212 2692 2537 983 22
521 298 135 529 149	1226 1225 294 299 134 108 1227 92 868 980 34
7 660 2217 36 2215	47 24 30 2210 2214 2213 32 2216 12
7 30 169 49	168 137 110 431 9 454 27 118
82 84 75 87	1599 53 1613 7703 126 172 1614 1612 1610
114 6 4 5	2 22 1 800 0 316 1
16 6 4462 0	230 514 633 5 1259 2938 44 1 2
731 374 1764 670	2005 2002 2004 52 207 666 266
2846 1819 2851 388 2300 2008	2847 2854 1901 2852 643 2013 9 2014 2011 2849 2842 2838
11 1015 2841 98	2845 759 10 222 258 2848 401 76 443
521 298 135 529 149	1226 1225 294 299 134 108 1227 92 868 980 34
7 30 169 49	168 137 110 431 9 454 27 118
0 960 99 56 2 167	320 438 639 851 13 38 439 982 94 1 876
233 0 4 50	2 10 3 739 1 11 1335
1823 187 1962 0	463 13 2 989 1 2863 3142
384 169 119 323	649 168 118 220 2086 2087 103
2924 674 1961 730 2727 579	185 297 2732 127 665 33 153 188 35 2921 43 2733
64 20 166 2697 136	131 28 12 70 323 19 268 13 1254 1
521 298 135 529 149	1226 1225 294 299 134 108 1227 92 868 980 34
2737 305 272 549	399 581 3352 317 85 342 2731
17 574 909 0 78	581 85 3 335 1 13 871 399 56
818 2623 2038 93	4593 156 122 106 816 3998 598
3370 64 4 20	45 68 209 285 1 2427 0
693 643 1507 699 1502 691	1514 703 1493 1511 9 1496 388 1491 1492 697 695 704
445 4 8 128 29	3 28 1 13 13 511 2 72 1
19700 163 19445 39	90 112 90 1400 112 111 10351
668 55 35 435 19	78 849 28 3 335 698 1 386 130
731 374 1764 670	2005 2002 2004 52 207 666 266
3046 3017 2336 0 2995	4540 2 3071 28 3 2278 1915 1 1974
6 0 4 239 78	5 132 2 22 29 3 3 104 1097 2
7 30 367 104 9	263 310 309 308 80 242 25 115 12
830 9749 163 51 180	112 111 844 9680 39 193 9772 9757 9779 90
521 298 135 529 149	1226 1225 294 299 134 108 1227 92 868 980 34
7 30 169 49	168 137 110 431 9 454 27 118
13314 20911 19327 2284 2220 5	1950 1018 159 159 353 279 105 275 277 218 282 213 214
304 2589 46 178 2557	255 479 1 105 277 2 637 209 2778
3370 6 0 4 5	620 792 60 10 183 1 272 556
7 532 9 525	531 25 30 1200 26 1207 524 83
35 270 706 264	43 343 715 76 793 127 262 919 700
199 31 11 78	450 2 1268 587 0 1555 4 13 18
899 55 208 415	19 229 624 28 286 497 124
1080 326 1216 1508	1509 1501 266 1500 1513 52 1150
240 1497 36 1564	1495 24 1475 1515 47 1499 115 12
521 298 135 529 149	1226 1225 294 299 134 108 1227 92 868 980 34
0 230 107 78 275	1260 140 1 0 3916 46 3 18
17 0 201 139 1 374	371 973 109 580 2 1 23 405 159
1015 401 98 1498	759 10 222 1512 258 11 1503 76 443
485 155 366 231	3714 28 1238 2281 1851 189 127 15
474 7 2869 97 100	2865 2868 862 192 80 222 101 774 2468
17 574 909 0 78	581 85 3 335 1 13 871 399 56
2846 1819 9 2851 388 2300	2848 33 1140 178 72 7738 1474 790 2583 2653 2076
7 245 250 47	246 530 24 32 12 36 249
940 923 305 6694 176 85	342 6701 888 927 199 570 939 272 369 858 549 317 813
11 1015 2841 98	2845 759 10 222 258 2848 401 76 443
240 2676 47 3749	24 2679 2669 2681 36 3752 115 12
882 6 509 5	8 1753 22 889 40 41 819 63 15
6 41 509 1620 422	889 63 1715 882 437 50 5 215 22 40
233 230 20 78 37	60 44 2 18 148 1 11 95 424 207
17 574 909 0 78	581 85 3 335 1 13 871 399 56
730 7454 7455 7544 665	7542 153 188 7368 1387 7330 7475 579 185 7593 33
17 122 374 369	376 177 1357 139 829 272 164
43 229 76 153	55 325 98 7470 208 107 86 258 651
97 657 5193 7665	3787 33 7532 262 4264 4350 7691
84 737 87 7678 53	2738 7436 4740 5178 627 265 4448 4718 5158
11 622 5 46	2 22 1 676 523 0 41 18 40
2584 0 463 5415 516	56 1 2207 1552 3724 3081 2 1723 3 221
668 55 35 435 19	78 849 28 3 335 698 1 386 130
35 270 706 264	43 343 715 76 793 127 262 919 700
54 64 0 1166	20 68 216 10 316 2112 1
521 298 135 529 149	1226 1225 294 299 134 108 1227 92 868 980 34
2737 305 272 549	399 581 3352 317 85 342 2731
1859 2064 3750 443	13123 4019 763 181 2812 3966 2918
1025 64 3214 0 4	68 877 17 1291 199 20 618 1 506
17 574 909 0 78	581 85 3 335 1 13 871 399 56
2043 7 1596 2042 2051 630	47 2048 719 2173 25 30 2166 73 36 24 2171
102 30 9 778 192	24 32 12 101 752 776 918 742 777 7
818 2623 2038 93	4593 156 122 106 816 3998 598
82 510 53 552 571	1770 172 265 87 573 595 553 1780 93 503
363 69 311 230	236 71 2861 46 148 29 447 183 620
3973 1538 1824 2212 2072	154 20 377 3807 319 1553 3568 2 1855 44 1
521 298 135 529 149	1226 1225 294 299 134 108 1227 92 868 980 34
7 660 2217 36 2215	47 24 30 2210 2214 2213 32 2216 12
7 30 169 49	168 137 110 431 9 454 27 118
3809 2256 1838 3906	154 20 33817 5373 13 14 8 37 1 2 638
82 84 75 87	1599 53 1613 7703 126 172 1614 1612 1610
16 6 4462 230	63 43 2340 1 0 154 20 179 132 68 206
17 574 909 0 85	3 335 1 13 871 399 56 2 581
39 14809 90 180	20861 12553 14164 11074 21 2725 2162 10
17 122 0 71 659	2 60 70 3 3415 20 369 1 23
17 2163 145 0	2336 1 3874 0 232 2 72
11 1015 2841 98	2845 759 10 222 258 2848 401 76 443
163 39 51 14321	13824 90 180 112 111 39 193
4344 4308 1281 4031	319 353 105 3024 2497 377 1807
7 30 169 49	168 137 110 431 9 454 27 118
384 169 119 323	649 168 118 220 2086 2087 103
2924 1961 730 2727 579 185	297 2732 127 665 33 153 188 35 2921 674 43 2733
240 2676 47 3749	24 2679 2669 2681 36 3752 115 12
82 510 53 552 571	1770 172 265 87 573 595 553 1780 93 503
363 69 311 230	236 71 2861 46 148 29 447 183 620
0 78 46 48	28 10 19 3 18 1 2138
6 78 5 170	22 63 1 0 41 2 209 22
521 298 135 529 149	1226 1225 294 299 134 108 1227 92 868 980 34
7 660 2217 36 2215	47 24 30 2210 2214 2213 32 2216 12
7 30 169 49	168 137 110 431 9 454 27 118
82 84 75 87	1599 53 1613 7703 126 172 1614 1612 1610
1823 187 1962 0	463 13 2 989 1 2863 3142
0 3128 4545 4471	4485 4210 4327 2584 2 302 1
12327 402 6004 5408	154 3144 289 13 3382 3119 266
35 270 706 264	43 343 715 76 793 127 262 919 700
731 374 1764 670	2005 2002 2004 52 207 666 266
2336 146 19 13	2 28 931 0 3 2278 1 1974
363 69 311 230	236 71 2861 46 148 29 447 183 620
0 78 46 48	28 10 19 3 18 1 2138
945 49 879 441	894 442 316 148 949 56 1798
521 298 135 529 149	1226 1225 294 299 134 108 1227 92 868 980 34
7 30 169 49	168 137 110 431 9 454 27 118
391 16 6 0 19	3553 5 28 3479 3 2 3615 38 3190 1 1974
82 84 75 87	1599 53 1613 7703 126 172 1614 1612 1610
3160 0 6202 5198	2 139 2 1 0 154 130
731 374 1764 670	2005 2002 2004 52 207 666 266
11 1015 2841 98	2845 759 10 222 258 2848 401 76 443
521 298 135 529 149	1226 1225 294 299 134 108 1227 92 868 980 34
7 30 169 49	168 137 110 431 9 454 27 118
391 402 5 320	19 4129 3 1 2 72
384 169 119 323	649 168 118 220 2086 2087 103
2924 674 1961 730 2727 579	185 297 2732 127 665 33 153 188 35 2921 43 2733
485 91 400 404	150 141 512 393 366 237 211 515 227
240 2676 36 1475	47 1564 24 2679 2669 2681 115 12
3461 16 6 5	13 38 28 58 44 19 3462
363 69 311 230	236 71 2861 46 148 29 447 183 620
521 298 135 529 149	1226 1225 294 299 134 108 1227 92 868 980 34
7 30 169 49	168 137 110 431 9 454 27 118
948 378 114 458 0	298 482 37 2 299 1083 33 18 1
1855 880 2281 414 3634	224 663 18 178 2305 155 141 221 13 1281 2519
31 11 77 0	4 8 15 1 2 191 3
4 20 1862 2	7 1900 44 12 12 12 9248 425 420
882 6 41 509	5 8 1753 22 889 40 63 15
0 10651 277 5027	2 602 3 335 1823 1855 1 632
82 510 53 552 571	1770 172 265 87 573 595 553 1780 93 503
35 270 706 264	43 343 715 76 793 127 262 919 700
42 7 0 2 80 1990	1 643 1998 263 49 736 10 21 242 59 27 34
363 69 311 230	236 71 2861 46 148 29 447 183 620
945 49 879 441	894 442 316 148 949 56 1798
521 298 135 529 149	1226 1225 294 299 134 108 1227 92 868 980 34
7 660 2217 36 2215	47 24 30 2210 2214 2213 32 2216 12
7 30 169 49	168 137 110 431 9 454 27 118
82 84 75 87	1599 53 1613 7703 126 172 1614 1612 1610
1015 401 1498 759	10 222 1512 258 11 1503 98 76 443
35 270 706 264	43 343 715 76 793 127 262 919 700
731 374 1764 670	2005 2002 2004 52 207 666 266
521 298 135 529 149	1226 1225 294 299 134 108 1227 92 868 980 34
7 30 169 49	168 137 110 431 9 454 27 118
1015 401 1498 759	10 222 1512 258 11 1503 98 76 443
929 532 26 785 9 524	525 36 47 531 24 25 1206 7 1205 32 1204 1197
948 378 114 458 0	298 482 37 2 299 1083 33 18 1
31 11 77 0	4 8 15 1 2 191 3
17 574 909 0 85	3 335 1 13 871 399 56 2 581
102 30 9 778 192	24 32 12 101 752 776 918 742 777 7
35 270 706 264	43 343 715 76 793 127 262 919 700
731 374 1764 670	2005 2002 2004 52 207 666 266
521 298 135 529 149	1226 1225 294 299 134 108 1227 92 868 980 34
7 30 169 49	168 137 110 431 9 454 27 118
1015 401 1498 759	10 222 1512 258 11 1503 98 76 443
929 532 26 785 9 524	525 36 47 531 24 25 1206 7 1205 32 1204 1197
948 378 114 458 0	298 482 37 2 299 1083 33 18 1
31 11 77 0	4 8 15 1 2 191 3
17 574 909 0 85	3 335 1 13 871 399 56 2 581
102 30 9 778 192	24 32 12 101 752 776 918 742 777 7
4538 6 0 10829 1735	5056 815 224 1 23 50 175 13 2 72
363 69 311 230	236 71 2861 46 148 29 447 183 620
8265 0 463 6493 633 2	3206 469 18 6329 77 4513 14146 1597 584 2767 156
521 298 135 529 149	1226 1225 294 299 134 108 1227 92 868 980 34
7 30 169 49	168 137 110 431 9 454 27 118
948 378 114 458 0	298 482 37 2 299 1083 33 18 1
31 11 0 4	8 15 1 77 2 191 3
797 559 558 557	561 545 1318 544 83 560 1316
1454 1452 1456 144 834	1458 90 1453 180 112 111 1457 39 1460 1459
0 14 8 2	128 3 1 116 69 31 16
1155 260 957 1096	1097 1098 73 1608 1100 672 23
391 16 6 22111	244 502 54 36 153 29 63
521 298 135 529 149	1226 1225 294 299 134 108 1227 92 868 980 34
7 660 2217 36 2215	47 24 30 2210 2214 2213 32 2216 12
554 1138 374 0 635	177 2 2188 1 1802 1288 1860 569 1417
7 30 169 49	168 137 110 431 9 454 27 118
82 84 75 87	1599 53 1613 7703 126 172 1614 1612 1610
287 2556 371 1828 2565	99 271 167 94 1826 13 14 2385 1900
2066 1269 1277 439	85 1685 1195 395 1760 1376 394
74 3908 218 1556	2620 1555 2568 3869 81 364 1798 21 3904
731 374 1764 670	2005 2002 2004 52 207 666 266
2846 1819 2851 388 2300 2008	2847 2854 1901 2852 643 2013 9 2014 2011 2849 2842 2838
7 30 367 104 9	263 310 309 308 80 242 25 115 12
11 1015 2841 98	2845 759 10 222 258 2848 401 76 443
521 298 135 529 149	1226 1225 294 299 134 108 1227 92 868 980 34
7 660 2217 36 2215	47 24 30 2210 2214 2213 32 2216 12
7 30 169 49	168 137 110 431 9 454 27 118
0 960 99 56 2 167	320 438 639 851 13 38 439 982 94 1 876
384 169 119 323	649 168 118 220 2086 2087 103
2924 674 1961 730 2727 579	185 297 2732 127 665 33 153 188 35 2921 43 2733
11 458 0 2603	161 2 2783 3 281 33 1
872 2 139 94	1 0 99 1963 13 52 1958 167
433 269 84 75 53	667 8 409 1077 823 403 338 714 398 15
31 4 912 759 3	12 3143 481 0 1345 401 2 1059 1 3042
123 538 57 81	147 125 120 160 74 322 21 27 218
120 520 387 57 81	74 147 218 846 1266 260 123 79 1687
69 202 151 2766	50 983 216 29 33 7 54
1138 872 0 562	2599 99 273 94 1 2570 2
0 166 45 132	46 2 48 1 4 3 18
73 36 630 4437 24	4062 25 4075 7 47 2368 4076 4056 719
1155 260 957 1096	1097 1098 73 1608 1100 672 23
223 17 77 6 41	1929 1341 3219 5 356 22 40 328 63 1972 587
103 306 1186 400 589 241	280 265 227 412 91 307 393 53 585 404 237 211
2434 154 2065 20	388 1602 1748 1895 3239 1838 2438
521 298 135 529 149	1226 1225 294 299 134 108 1227 92 868 980 34
554 1138 374 0 635	177 2 2188 1 1802 1288 1860 569 1417
7 30 169 49	168 137 110 431 9 454 27 118
0 4 71 146 19	2 109 286 11 55 477 28 1 550
82 84 75 87	1599 53 1613 7703 126 172 1614 1612 1610
287 2556 371 1828 2565	99 271 167 94 1826 13 14 2385 1900
116 0 8 2	253 3 15 31 16 13 14 2
35 270 706 264	43 343 715 76 793 127 262 919 700
731 374 1764 670	2005 2002 2004 52 207 666 266
2336 146 19 13	2 28 931 0 3 2278 1 1974
0 78 46 48	28 10 19 3 18 1 2138
391 16 6 0 19	3553 5 28 3479 3 2 3615 38 3190 1 1974
1015 401 1498 759	10 222 1512 258 11 1503 98 76 443
69 16 49 19 1140	34 79 42 93 320 29 28 21 59 27
929 532 26 785 9 524	525 36 47 531 24 25 1206 7 1205 32 1204 1197
0 1827 20 113 2	60 70 446 327 1 187 523 315 2018
521 298 135 529 149	1226 1225 294 299 134 108 1227 92 868 980 34
7 30 169 49	168 137 110 431 9 454 27 118
384 169 119 323	649 168 118 220 2086 2087 103
948 378 114 458 0	298 482 37 2 299 1083 33 18 1
363 0 236 826	2 3477 1 1545 311 52 590 822
11 77 0 4	8 15 1 31 2 191 3
882 6 509 5	8 1753 22 889 40 41 819 63 15
6 509 1620 422 14 889	63 1715 882 41 819 437 50 5 215 22 40
797 559 558 557	561 545 1318 544 83 560 1316
1454 1452 1456 144 834	1458 90 1453 180 112 111 1457 39 1460 1459
223 54 4165 77 6 0	14 22 77 7 823 219 64 35 1 312
2054 675 1606 2 541 28	1 2316 0 254 232 2 72 206 244 1 312
20553 418 3547 325 126 3347	165 13 377 218 282 259 275 2388 275 23 2145
2305 0 1872 20 3156	78 979 1 17 69 31 1280 1704 463 20
7 30 169 49	168 137 110 431 9 454 27 118
55 6 760 272 1792 1606	356 109 2826 565 1704 570 1905 5 2645 477 44
16 2053 22650 21560	5 38 44 6 44 6 324
384 169 119 323	649 168 118 220 2086 2087 103
14644 8193 8572 4766	2 90 1 4 0 2 1277 2
948 378 114 458 0	298 482 37 2 299 1083 33 18 1
16 760 8 1572	479 3079 2 159 1 312 2945 1218 1
1235 3645 511 2801	13 272 77 13 2 29 28 1
1573 1058 1311 2	379 0 1603 631 1048 1 1552
165 16 6 718 789	5 88 985 119 293 14 522 419 539 1394 15
123 538 57 81	147 125 120 160 74 322 21 27 218
2994 240 1043 3062 1072 203	3094 1437 1932 2647 4655 23 674 100 773 8167 358
120 520 387 57 81	74 147 218 846 1266 260 123 79 1687
16 122 7145 1173	52 139 38 2059 2137 829 4305
0 4 166 45	132 46 2 48 1 3 18
73 36 630 4437 24	4062 25 4075 7 47 2368 4076 4056 719
731 374 1764 670	2005 2002 2004 52 207 666 266
3461 16 6 5	13 38 28 58 44 19 3462
7 30 367 104 9	263 310 309 308 80 242 25 115 12
363 69 311 230	236 71 2861 46 148 29 447 183 620
6 41 664 380	775 40 143 5 212 2692 2537 983 22
521 298 135 529 149	1226 1225 294 299 134 108 1227 92 868 980 34
7 660 2217 36 2215	47 24 30 2210 2214 2213 32 2216 12
7 30 169 49	168 137 110 431 9 454 27 118
82 84 75 87	1599 53 1613 7703 126 172 1614 1612 1610
16 6 4462 0	230 514 633 5 1259 2938 44 1 2
363 182 0 1954	271 2 300 1 884 177 13 46
378 432 2460 86	588 2624 690 33 2555 6208 2545
199 11 0 4	213 170 11049 302 1 2 186
1024 451 231 396 1435	1021 974 1014 988 1009 687 1012 881 1438
1871 106 1543 0	631 45 1793 2 1864 1 23
369 406 1301 13 94	106 122 99 56 273 167 1375 5113 3437 23 214
731 2070 189 2422 1265	93 2222 2263 508 2399 2333 2413 2081 1177
11 866 925 504	17 878 1595 50 2195 923 13 2415
1303 1440 0 1299	96 2 10 12 612 606 1
7 378 151 5035 1132 185	658 690 23 5037 646 947 183 1045 33 101 655 1102
82 510 53 552 571	1770 172 265 87 573 595 553 1780 93 503
363 69 311 230	236 71 2861 46 148 29 447 183 620
521 298 135 529 149	1226 1225 294 299 134 108 1227 92 868 980 34
7 660 2217 36 2215	47 24 30 2210 2214 2213 32 2216 12
7 30 169 49	168 137 110 431 9 454 27 118
82 84 75 87	1599 53 1613 7703 126 172 1614 1612 1610
17 574 909 0 85	3 335 1 13 871 399 56 2 581
2043 7 1596 2042 2051 630	47 2048 719 2173 25 30 2166 73 36 24 2171
73 2639 1675 104	321 572 2641 3716 2643 23 100 279
797 559 558 557	561 545 1318 544 83 560 1316
731 374 1764 670	2005 2002 2004 52 207 666 266
7 30 367 104 9	263 310 309 308 80 242 25 115 12
830 9749 163 51 180	112 111 844 9680 39 193 9772 9757 9779 90
521 298 135 529 149	1226 1225 294 299 134 108 1227 92 868 980 34
7 660 2217 36 2215	47 24 30 2210 2214 2213 32 2216 12
7 30 169 49	168 137 110 431 9 454 27 118
2737 305 272 549	399 581 3352 317 85 342 2731
17 574 909 0 85	3 335 1 13 871 399 56 2 581
17 122 0 71 659	2 60 70 3 3415 20 369 1 23
797 559 558 557	561 545 1318 544 83 560 1316
7 245 250 47	246 530 24 32 12 36 249
61 62 65 4206	39 138 51 66 959 58 67
882 6 509 5	8 1753 22 889 40 41 819 63 15
304 0 4 809	856 2 933 1 17 936 932 55
61 62 65 4206	39 138 51 66 959 58 67
17 574 909 0 78	581 85 3 335 1 13 871 399 56
2770 3800 233 145 0	1686 784 60 1 692 1048 2 501 18 3051 1907
11 622 5 46	2 22 1 676 523 0 41 18 40
3890 3599 4089 577	4155 3794 3969 3993 563 4215 3430 3586
1080 3594 3609 326	1216 3595 3593 3601 266 52 1150
82 510 53 552 571	1770 172 265 87 573 595 553 1780 93 503
1155 260 957 1096	1097 1098 73 1608 1100 672 23
223 17 77 6 41	1929 1341 3219 5 356 22 40 328 63 1972 587
103 306 1186 400 589 241	280 265 227 412 91 307 393 53 585 404 237 211
2434 154 2065 20	388 1602 1748 1895 3239 1838 2438
521 298 135 529 149	1226 1225 294 299 134 108 1227 92 868 980 34
554 1138 374 0 635	177 2 2188 1 1802 1288 1860 569 1417
7 30 169 49	168 137 110 431 9 454 27 118
0 4 71 146 19	2 109 286 11 55 477 28 1 550
82 84 75 87	1599 53 1613 7703 126 172 1614 1612 1610
95 105 0 766	14 2 1270 29 10 4630 1 4
363 69 311 230	236 71 2861 46 148 29 447 183 620
521 298 135 529 149	1226 1225 294 299 134 108 1227 92 868 980 34
7 30 169 49	168 137 110 431 9 454 27 118
54 64 0 1166	20 68 216 10 316 2112 1
95 3517 19 2724	2648 146 766 14 3500 2684 3540 1545
54 3647 145 4304	8 15 69 315 224 15 157 60 1 278
95 564 0 766	14 2 1270 10 1 105 4645 3037 2214
6577 2805 3395 962	243 6563 1182 5 6597 6480 28
948 378 114 458 0	298 482 37 2 299 1083 33 18 1
82 510 53 552 571	1770 172 265 87 573 595 553 1780 93 503
1155 260 957 1096	1097 1098 73 1608 1100 672 23
223 17 77 6 41	1929 1341 3219 5 356 22 40 328 63 1972 587
103 306 1186 400 589 241	280 265 227 412 91 307 393 53 585 404 237 211
2434 154 2065 20	388 1602 1748 1895 3239 1838 2438
7 521 298 135 529 149	1226 1225 294 299 134 108 1227 92 868 980 12 34
7 660 2217 36 2215	47 24 30 2210 2214 2213 32 2216 12
554 1138 374 0 635	177 2 2188 1 1802 1288 1860 569 1417
7 30 169 49	168 137 110 431 9 454 27 118
474 7 1529 1526 97	774 100 1525 862 192 80 222 101 23
6 437 78 5 22	48 3029 436 63 1 0 41 3 40
7 245 250 47	246 530 24 32 12 36 249
7 30 660 2217 36	2215 47 24 2210 2214 2213 32 2216 12
0 230 107 78 275	1260 140 1 0 3916 46 3 18
17 0 201 139 1 374	371 973 109 580 2 1 23 405 159
233 3301 0 4	50 78 3 739 1 11 13 5
875 1565 78 10	1 914 0 1042 46 3 18
929 532 26 785 9 524	525 36 47 531 24 25 1206 7 1205 32 1204 1197
304 0 4 809	856 2 933 1 17 936 932 55
1966 73 104 1969	572 1965 1968 321 100 279 23 1967
521 298 135 529 149	1226 1225 294 299 134 108 1227 92 868 980 34
7 30 169 49	168 137 110 431 9 454 27 118
233 2791 2840 3015	3087 2717 2763 802 2786 1722 2856
9496 163 39 7353 144	7452 90 180 7619 112 111 138 51 7663 8373
948 378 114 458 0	298 482 37 2 299 1083 33 18 1
31 11 77 0	4 8 15 1 2 191 3
882 6 41 509	5 8 1753 22 889 40 63 15
163 12077 12063 12554 4002	90 180 112 12483 111 12175 39 193 12740
184 6 50 22 804	129 1 800 0 5 215 2 22 40 44 22
6 509 1620 422 14 889	63 1715 882 41 819 437 50 5 215 22 40
82 510 53 552 571	1770 172 265 87 573 595 553 1780 93 503
948 378 114 458 298	482 37 2 299 1083 18 33 1 0
35 270 706 264	43 343 715 76 793 127 262 919 700
84 75 416 53	585 589 241 280 227 210 269 306
7 30 660 2217 36	2215 47 24 2210 2214 2213 32 2216 12
123 81 74 322	218 125 160 120 538 57 21 27
82 84 75 87	1599 53 1613 7703 126 172 1614 1612 1610
74 3908 218 1556	2620 1555 2568 3869 81 364 1798 21 3904
1015 401 1498 759	10 222 1512 258 11 1503 98 76 443
69 16 49 19 1140	34 79 42 93 320 29 28 21 59 27
17 574 909 0 78	581 85 3 335 1 13 871 399 56
7 30 169 49	168 137 110 431 9 454 27 118
730 7454 7455 7544 665	7542 153 188 7368 1387 7330 7475 579 185 7593 33
384 169 119 323	649 168 118 220 2086 2087 103
7 75 0 1408 368 1431	37 2 1312 12 467 1 1315 499 21 27 3 987
17 122 374 201	376 177 1357 139 829 369 52 207
948 378 114 458 0	298 482 37 2 299 1083 33 18 1
229 76 153 55	325 98 7470 208 107 86 43 258 651
11 77 0 4	8 15 1 31 2 191 3
7665 657 5193 97	3787 33 7532 262 4264 4350 7691
35 270 706 264	43 343 715 76 793 127 262 919 700
731 374 1764 670	2005 2002 2004 52 207 666 266
7 30 367 104 9	263 310 309 308 80 242 25 115 12
521 298 135 529 149	1226 1225 294 299 134 108 1227 92 868 980 34
7 660 2217 36 2215	47 24 30 2210 2214 2213 32 2216 12
7 30 169 49	168 137 110 431 9 454 27 118
384 169 119 323	649 168 118 220 2086 2087 103
1015 401 1498 759	10 222 1512 258 11 1503 98 76 443
69 16 49 19 1140	34 79 42 93 320 29 28 21 59 27
929 532 26 785 9 524	525 36 47 531 24 25 1206 7 1205 32 1204 1197
8027 3286 8186 38	29 685 15 86 364 267 212 191 1343
82 510 53 552 571	1770 172 265 87 573 595 553 1780 93 503
35 270 706 264	43 343 715 76 793 127 262 919 700
4936 5267 5468 20	2707 803 1112 127 4301 3747 105 1740 4037
363 69 311 230	236 71 2861 46 148 29 447 183 620
945 49 879 441	894 442 316 148 949 56 1798
521 298 135 529 149	1226 1225 294 299 134 108 1227 92 868 980 34
7 30 169 49	168 137 110 431 9 454 27 118
82 84 75 87	1599 53 1613 7703 126 172 1614 1612 1610
1015 401 1498 759	10 222 1512 258 11 1503 98 76 443
1327 201 161 4070	548 121 52 719 300 829 1346
7752 0 514 8147	5995 2 38 1 2088 4 10 3 1568
182 54 0 818 71 50	2 70 327 1 35 117 257 142 598 48 226 1295 547
304 0 4 809	856 2 933 1 17 936 932 55
120 520 387 152	57 81 74 147 218 79 1266 260 123
55 0 5 13 178 22	38 547 3 31 16 6 1033 880 71 2 72 1 278
498 6 810 688	2607 781 278 292 5 420 22 708 2612
97 774 100 862 192	3972 80 222 101 23 1185 474 4467 7
875 1565 2 10	651 1 914 0 1042 46 3 18
7 102 30 3129 3319	9 192 24 32 12 752 918 742 101 3322
948 378 114 458 298	482 37 2 299 1083 18 33 1 0
967 324 994 0 965 937	1 1017 1495 1794 1683 181 901 2719 101 1485 1759 14 927
6 41 5 38	28 40 63 95 64 19 268 22
1080 3594 3609 326	1216 3595 3593 3601 266 52 1150
1014 1024 451 231	1021 881 974 988 1009 687 1012
7 245 250 47	246 530 24 32 12 36 249
0 4 14 8	2 128 29 3 1 31 16
363 54 495 424	0 50 46 70 1 2 72
2184 875 233 2155	1531 1466 990 1853 914 13 1042
304 0 4 809	856 2 933 1 17 936 932 55
948 378 114 458 298	482 37 2 299 1083 18 33 1 0
1214 30487 29133 594	9465 14090 26354 21 27 12612 36620 18660
1871 1543 0 631	45 1793 12 258 484 1 461 367
1024 451 231 396 1435	1021 974 1014 988 1009 687 1012 881 1438
6 0 4 2101	5 2520 2 541 3021 44 1 19 1253
7 30 660 2217 36	2215 47 24 2210 2214 2213 32 2216 12
363 182 0 1954	271 2 300 1 884 177 13 46
11 1595 866 925	895 504 17 878 500 2194 921 2190 913
119 0 4 174	45 8 2 129 15 140 1 179 136
2043 7 1596 73 2042	2051 36 630 47 2048 719 24 2687 25
1155 260 957 1096	1097 1098 73 1608 1100 672 23
35 270 706 264	43 343 715 76 793 127 262 919 700
945 49 879 894	442 316 148 949 441 56 1798
103 306 1186 400 589 241	280 265 227 412 91 307 393 53 585 404 237 211
521 298 135 529 149	1226 1225 294 299 134 108 1227 92 868 980 34
554 1138 374 0 635	177 2 2188 1 1802 1288 1860 569 1417
7 30 169 49	168 137 110 431 9 454 27 118
1676 11 351 1607	9 496 336 47 350 1212 36 195
495 0 760 20	518 884 282 2 891 60 1 363 896
337 0 19 2118	2 28 1 341 13 623 709
54 6 0 5	109 59 12 4795 397 6739 391
6 41 5784 3211	22 2490 40 5 215 63 196
593 276 181 760	608 9 8 78 78 723 68 15 153 60
521 298 135 529 149	1226 1225 294 299 134 108 1227 92 868 980 34
7 30 169 49	168 137 110 431 9 454 27 118
384 169 119 323	649 168 118 220 2086 2087 103
233 2791 2840 3015	3087 2717 2763 802 2786 1722 2856
163 39 7353 144	7452 6163 10068 112 111 39 193
948 378 114 458 0	298 482 37 2 299 1083 33 18 1
6 41 5 38	28 40 63 95 64 19 268 22
16 95 105 6 0	5 14 243 2 10 3 1 6620
594 1313 1813 4414	4397 1214 4428 3486 21 27 4432 1788
433 269 84 75 53	667 8 409 1077 823 403 338 714 398 15
182 54 0 818 71 50	2 70 327 1 35 117 257 142 598 48 226 1295 547
184 0 174 45	2 804 3 129 140 1 434 179 136
538 57 81 322	147 218 125 123 160 120 74 21 27
771 1018 584 2835	427 106 122 955 13 2095 494 23 156
35 1022 3114 86 1071	76 127 33 3706 5302 350 380 453 3587 33
2836 276 2394 213	2870 2862 236 2873 2801 2853 2361 801
2200 1916 2152 1885 1888 2219	2218 5600 2160 1884 17 2250 2249 189 1729 2251 1887
35 270 706 264	43 343 715 76 793 127 262 919 700
95 105 0 766	14 2 1270 29 10 4630 1 4
363 69 311 230	236 71 2861 46 148 29 447 183 620
945 49 879 441	894 442 316 148 949 56 1798
521 298 135 529 149	1226 1225 294 299 134 108 1227 92 868 980 34
7 30 169 49	168 137 110 431 9 454 27 118
95 3517 19 2724	2648 146 766 14 3500 2684 3540 1545
82 84 75 87	1599 53 1613 7703 126 172 1614 1612 1610
1015 401 1498 759	10 222 1512 258 11 1503 98 76 443
95 564 0 766	14 2 1270 10 1 105 4645 3037 2214
6491 163 39 144 6529	90 6537 112 111 6583 138 51 6591 99 38066
230 1889 577 647 204	116 456 3279 2863 121 5440 547 427 3530 5303
2256 230 760 50	2 60 48 18 148 0 154 1
6440 6444 6302 6349 6463 6431	62 90 1908 163 112 1799 111 6428 39 6426 6460 6373 6466
3572 418 11077 8788 5692	3668 935 101 13130 861 674 7364 29 1642
7 30 169 49	168 137 110 431 9 454 27 118
20401 144 20456 180	327 172 247 25 1339 2284 2 3066 1628
6242 0 2775 3608 2	1736 1866 3 4817 13480 2467 1 6324 2052 877
384 169 119 323	649 168 118 220 2086 2087 103
5273 0 3457 2 1736	20169 2632 2 3035 1 174 20719 2118
731 374 1764 670	2005 2002 2004 52 207 666 266
2846 1819 2851 388 2300 2008	2847 2854 1901 2852 643 2013 9 2014 2011 2849 2842 2838
11 1015 2841 98	2845 759 10 222 258 2848 401 76 443
521 298 135 529 149	1226 1225 294 299 134 108 1227 92 868 980 34
7 30 169 49	168 137 110 431 9 454 27 118
0 960 99 56 2 167	320 438 639 851 13 38 439 982 94 1 876
384 169 119 323	649 168 118 220 2086 2087 103
2924 674 1961 730 2727 579	185 297 2732 127 665 33 153 188 35 2921 43 2733
240 2676 36 1475	47 1564 24 2679 2669 2681 115 12
866 925 504 17	878 11 1455 1443 500 921 895 913
731 374 1764 670	2005 2002 2004 52 207 666 266
2846 1819 2851 388 2300 2008	2847 2854 1901 2852 643 2013 9 2014 2011 2849 2842 2838
7 30 367 104 9	263 310 309 308 80 242 25 115 12
11 1015 2841 98	2845 759 10 222 258 2848 401 76 443
521 298 135 529 149	1226 1225 294 299 134 108 1227 92 868 980 34
7 660 2217 36 2215	47 24 30 2210 2214 2213 32 2216 12
7 30 169 49	168 137 110 431 9 454 27 118
0 960 99 56 2 167	320 438 639 851 13 38 439 982 94 1 876
11 351 9 496	47 350 1212 24 12 36 195
384 169 119 323	649 168 118 220 2086 2087 103
11 0 230 107	275 2 1260 504 494 3 18 1 23
233 2791 2840 3015	3087 2717 2763 802 2786 1722 2856
1931 145 1862 811	159 196 438 35 1935 782 682 303 1446
4493 4120 4255 7	4188 432 16397 4179 6262 4169 5254 3934
693 643 1507 699 1502 691	1514 703 1493 1511 9 1496 388 1491 1492 697 695 704
184 817 174 166 45	8 2 129 15 140 582 0 179 136 1
116 0 8 2	253 3 15 31 16 13 14 2
1538 3676 155 3585	1561 1598 2016 157 2803 763 3404 3117 2605
0 4 14 8	2 128 29 3 1 31 16
0 4 174 45	8 2 129 15 140 1 179 136
35 270 706 264	43 343 715 76 793 127 262 919 700
731 374 1764 670	2005 2002 2004 52 207 666 266
521 298 135 529 149	1226 1225 294 299 134 108 1227 92 868 980 34
7 30 169 49	168 137 110 431 9 454 27 118
1015 401 1498 759	10 222 1512 258 11 1503 98 76 443
929 532 26 785 9 524	525 36 47 531 24 25 1206 7 1205 32 1204 1197
948 378 114 458 0	298 482 37 2 299 1083 33 18 1
31 11 77 0	4 8 15 1 2 191 3
17 574 909 0 85	3 335 1 13 871 399 56 2 581
102 30 9 778 192	24 32 12 101 752 776 918 742 777 7
363 69 311 230	236 71 2861 46 148 29 447 183 620
521 298 135 529 149	1226 1225 294 299 134 108 1227 92 868 980 34
7 30 169 49	168 137 110 431 9 454 27 118
54 64 0 1166	20 68 216 10 316 2112 1
54 3647 145 4304	8 15 69 315 224 15 157 60 1 278
948 378 114 458 0	298 482 37 2 299 1083 33 18 1
223 77 6 570 1792 5	18 587 278 463 20 272 2776 46 9919 22 159 162
337 1931 782 2892	196 3355 35 142 1862 682 303 1446
1855 880 2281 414 3634 224	162 1174 5 289 289 289 29 28 2145 19 43 1254
31 11 0 4	8 15 1 77 2 191 3
948 378 114 458 298	482 37 2 299 1083 18 33 1 0
668 55 35 435 0	19 2 849 28 3 335 698 1 386 130
817 174 45 2 129 663	15 140 1 452 184 582 0 166 238 179 136
1871 106 1543 0	631 45 1793 2 1864 1 23
381 908 10 1105	709 958 1008 55 563 13 812
11 1595 866 925	895 504 17 878 500 2194 921 2190 913
1303 1440 0 1299	96 2 10 12 612 606 1
7 318 97 0	49 484 2 3 1 10 21
208 2456 229 76 153	55 325 98 107 86 732 43 258 651
940 927 923 305 272	176 317 85 342 888 362 570 939 858 549
731 374 1764 670	2005 2002 2004 52 207 666 266
7 30 367 104 9	263 310 309 308 80 242 25 115 12
521 298 135 529 149	1226 1225 294 299 134 108 1227 92 868 980 34
7 660 2217 36 2215	47 24 30 2210 2214 2213 32 2216 12
7 30 169 49	168 137 110 431 9 454 27 118
6 41 5 38	28 40 63 95 64 19 268 22
17 574 909 0 85	3 335 1 13 871 399 56 2 581
797 559 558 557	561 545 1318 544 83 560 1316
693 643 1507 699 1502 691	1514 703 1493 1511 9 1496 388 1491 1492 697 695 704
0 445 4 8	2 3 15 452 31 10 1
731 374 1764 670	2005 2002 2004 52 207 666 266
7 30 367 104 9	263 310 309 308 80 242 25 115 12
830 9749 163 51 180	112 111 844 9680 39 193 9772 9757 9779 90
521 298 135 529 149	1226 1225 294 299 134 108 1227 92 868 980 34
7 660 2217 36 2215	47 24 30 2210 2214 2213 32 2216 12
7 30 169 49	168 137 110 431 9 454 27 118
2737 305 272 549	399 581 3352 317 85 342 2731
17 574 909 0 85	3 335 1 13 871 399 56 2 581
17 122 0 71 659	2 60 70 3 3415 20 369 1 23
797 559 558 557	561 545 1318 544 83 560 1316
35 270 706 264	43 343 715 76 793 127 262 919 700
363 69 311 230	236 71 2861 46 148 29 447 183 620
945 49 879 441	894 442 316 148 949 56 1798
521 298 135 529 149	1226 1225 294 299 134 108 1227 92 868 980 34
7 30 169 49	168 137 110 431 9 454 27 118
82 84 75 87	1599 53 1613 7703 126 172 1614 1612 1610
3984 3728 6551 6237 5509 4324	4045 3347 3378 4489 4273 8220 3377 388 2400 2650
1015 401 1498 759	10 222 1512 258 11 1503 98 76 443
929 532 26 785 9 524	525 36 47 531 24 25 1206 7 1205 32 1204 1197
948 378 114 458 0	298 482 37 2 299 1083 33 18 1
2597 2 10 1800	2390 1 593 54 276 0 3 1568
731 374 1764 670	2005 2002 2004 52 207 666 266
363 69 311 230	236 71 2861 46 148 29 447 183 620
0 78 46 48	28 10 19 3 18 1 2138
521 298 135 529 149	1226 1225 294 299 134 108 1227 92 868 980 34
7 30 169 49	168 137 110 431 9 454 27 118
82 84 75 87	1599 53 1613 7703 126 172 1614 1612 1610
0 1827 20 113 2	60 70 446 327 1 187 523 315 2018
6753 0 3137 6639	132 10 1 2 2901 2516 1433 4400
17 574 909 0 85	3 335 1 13 871 399 56 2 581
11 622 46 2	22 1 676 523 0 41 5 18 40
1327 121 201 161	52 548 719 300 829 1346 1530
4075 7 73 36 630	719 24 25 4072 404 16001 3921 791
82 84 75 87	1599 53 1613 7703 126 172 1614 1612 1610
0 2902 13 2	60 48 70 379 446 642 20 1 214
2127 433 2122 643 388 389	4399 409 2686 1290 403 1006 9 2480 336 4260 398 2677
594 1313 1813 4414	4397 1214 4428 3486 21 27 4432 1788
1871 106 1543 0	631 45 1793 2 1864 1 23
1040 35 97 354 43	628 222 153 188 194 1039 740 1036 1041 101
337 0 19 2118	2 28 1 341 13 623 709
4095 4105 2 775 10 164	1 69 0 289 883 3 18 4106 4101 4098 4103
1155 260 957 1096	1097 1098 73 1608 1100 672 23
35 270 706 264	43 343 715 76 793 127 262 919 700
42 7 0 2 80 1990	1 643 1998 263 49 736 10 21 242 59 27 34
945 49 879 894	442 316 148 949 441 56 1798
223 17 77 6 41	1929 1341 3219 5 356 22 40 328 63 1972 587
103 306 1186 400 589 241	280 265 227 412 91 307 393 53 585 404 237 211
2434 154 2065 20	388 1602 1748 1895 3239 1838 2438
7 521 298 135 529 149	1226 1225 294 299 134 108 1227 92 868 980 12 34
554 1138 374 0 635	177 2 2188 1 1802 1288 1860 569 1417
731 374 1764 670	2005 2002 2004 52 207 666 266
2846 1819 2851 388 2300 2008	2847 2854 1901 2852 643 2013 9 2014 2011 2849 2842 2838
189 0 4 1217	2 48 1 1777 1912 2203 10
11 1015 2841 98	2845 759 10 222 258 2848 401 76 443
521 298 135 529 149	1226 1225 294 299 134 108 1227 92 868 980 34
7 30 169 49	168 137 110 431 9 454 27 118
0 960 99 56 2 167	320 438 639 851 13 38 439 982 94 1 876
11 351 9 496	47 350 1212 24 12 36 195
384 169 119 323	649 168 118 220 2086 2087 103
2737 305 272 549	399 581 3352 317 85 342 2731
402 3082 0 5110 4	6 5 132 22 18 40 63 196
4093 6170 2755 14693 24529	2917 1174 584 427 1550 145 1776 190 277 218 3378 213 13 228
562 78 2755 23387	9191 10255 1174 584 427 205 2357 183 2854
4093 7047 11 14693 22439 0	6187 29 127 254 13 282 2 1280 1004 743 1 2269
2535 402 64 13457 78 113	106 122 44 302 146 19 232 78 13 14 1 23
861 854 1183 332	907 904 1188 11 874 867 33
91 1404 1785 361 93	656 38 28 1 64 5 209 22 285 44 1219
69 10769 0 78	14243 2 2519 1 10 3 18 1
7 30 169 49	168 137 110 431 9 454 27 118
17 6 0 158 5 88	14 2 761 70 8 243 128 60 130 1 278
1931 0 782 1862 2	38 682 1755 35 2360 13 3412 1075 1 2821
105 570 1792 5 40 6	0 41 272 50 2 22 159 44 587 63 196 1
163 12475 12435 39	12766 12303 90 12170 112 111 12115
10499 163 39 90	180 112 111 10292 144 138 51
12173 0 826 2911 1606	1144 12429 10 410 1 2321 430 2 794
4344 4308 1281 4031	319 353 105 3024 2497 377 1807
7 30 169 49	168 137 110 431 9 454 27 118
163 11954 12780 12488 12747	12066 90 1908 112 111 39 193 12531 62 12284 180
384 169 119 323	649 168 118 220 2086 2087 103
7 75 0 1408 368 1431	37 2 1312 12 467 1 1315 499 21 27 3 987
731 374 1764 670	2005 2002 2004 52 207 666 266
2846 1819 2851 388 2300 2008	2847 2854 1901 2852 643 2013 9 2014 2011 2849 2842 2838
11 1015 2841 98	2845 759 10 222 258 2848 401 76 443
521 298 135 529 149	1226 1225 294 299 134 108 1227 92 868 980 34
7 30 169 49	168 137 110 431 9 454 27 118
0 960 99 56 2 167	320 438 639 851 13 38 439 982 94 1 876
384 169 119 323	649 168 118 220 2086 2087 103
2924 674 1961 730 2727 579	185 297 2732 127 665 33 153 188 35 2921 43 2733
240 2676 36 1475	47 1564 24 2679 2669 2681 115 12
866 925 504 17	878 11 1455 1443 500 921 895 913
731 374 1764 670	2005 2002 2004 52 207 666 266
2846 1819 2851 388 2300 2008	2847 2854 1901 2852 643 2013 9 2014 2011 2849 2842 2838
11 1015 2841 98	2845 759 10 222 258 2848 401 76 443
521 298 135 529 149	1226 1225 294 299 134 108 1227 92 868 980 34
7 30 169 49	168 137 110 431 9 454 27 118
0 960 99 56 2 167	320 438 639 851 13 38 439 982 94 1 876
384 169 119 323	649 168 118 220 2086 2087 103
2924 674 1961 730 2727 579	185 297 2732 127 665 33 153 188 35 2921 43 2733
69 41 5 22	29 44 63 54 16 6 2516 38 40
240 2676 36 1475	47 1564 24 2679 2669 2681 115 12
4095 4105 2 775 10 164	1 69 0 289 883 3 18 4106 4101 4098 4103
230 10588 4735 148	1 0 2 12104 2471 3 18
363 2521 1362 1595 228 208	19 1377 13 2329 624 18 2657 148 55 859 29 2449 28
223 17 77 6 41	1929 1341 3219 5 356 22 40 328 63 1972 587
2089 1669 1670 1668	131 1671 29 666 1673 1658 2090 380
2434 154 2065 20	388 1602 1748 1895 3239 1838 2438
7 521 298 135 529 149	1226 1225 294 299 134 108 1227 92 868 980 12 34
337 0 19 2118	2 28 1 341 13 623 709
1542 635 1275 569 99	271 1541 1540 1490 201 13 52 94 473
498 77 1700 1694	1701 1695 1693 38 1699 191 641 3256
1155 260 957 1096	1097 1098 73 1608 1100 672 23
223 17 77 6 41	1929 1341 3219 5 356 22 40 328 63 1972 587
103 306 1186 400 589 241	280 265 227 412 91 307 393 53 585 404 237 211
2434 154 2065 20	388 1602 1748 1895 3239 1838 2438
7 521 298 135 529 149	1226 1225 294 299 134 108 1227 92 868 980 12 34
554 1138 374 0 635	177 2 2188 1 1802 1288 1860 569 1417
7 30 169 49	168 137 110 431 9 454 27 118
474 7 1529 1526 97	774 100 1525 862 192 80 222 101 23
0 4 71 146 19	2 109 286 11 55 477 28 1 550
82 84 75 87	1599 53 1613 7703 126 172 1614 1612 1610
35 270 706 264	43 343 715 76 793 127 262 919 700
363 69 311 230	236 71 2861 46 148 29 447 183 620
945 49 879 441	894 442 316 148 949 56 1798
521 298 135 529 149	1226 1225 294 299 134 108 1227 92 868 980 34
7 30 169 49	168 137 110 431 9 454 27 118
82 84 75 87	1599 53 1613 7703 126 172 1614 1612 1610
1015 401 1498 759	10 222 1512 258 11 1503 98 76 443
929 532 26 785 9 524	525 36 47 531 24 25 1206 7 1205 32 1204 1197
948 378 114 458 0	298 482 37 2 299 1083 33 18 1
31 11 0 4	8 15 1 77 2 191 3
14554 9 9506 14265 14512	9542 9538 590 7837 6882 5574 6240 6230 1399 3932
378 432 2460 2540	86 588 2624 690 2546 33 2555
588 1867 4625 7	1904 1903 4167 4369 1832 12 4361
19899 20619 1309 20602 18934 24	897 7 192 19938 32 19900 4909 84 290 29 157 259
123 538 57 74	322 147 218 125 160 120 81 21 27
165 19364 6 0	4 5335 5 14 2899 2833 13 5
182 54 0 50	197 551 2 226 1 117 257
165 16 6 789 5	88 14 419 11032 1886 15 119 2937 15
369 406 1301 56 94	106 122 93 1585 67 1795 189 93 151 214
11 866 925 921	895 913 504 17 878 1455 1443 500
5148 5150 83 5123	8020 8090 5175 5126 5149 8184 5142
11 458 5022 2	3 33 1 5564 0 6066 281
872 2 139 94	1 0 99 1963 13 52 1958 167
4685 269 84 75 4719	53 338 667 4280 4739 8 1077 4694 15 4311
3769 4287 4285 12	7 30 26 49 83 4272 25 3764
31 4 912 759 3	12 3143 481 0 1345 401 2 1059 1 3042
3203 3212 449 1339	3205 223 2356 3210 295 77 3202 3204
123 538 57 81	147 125 120 160 74 322 21 27 218
1138 872 0 562	2599 99 273 94 1 2570 2
5148 7323 5123 5175	5126 24 5149 5142 5150 8031 1126 32
6 41 664 380 1829	77 664 2738 303 178 6 450 78 1 312
17 574 909 0 78	581 85 3 335 1 13 871 399 56
7 30 169 49	168 137 110 431 9 454 27 118
730 7454 7455 7544 665	7542 153 188 7368 1387 7330 7475 579 185 7593 33
384 169 119 323	649 168 118 220 2086 2087 103
16 6 4462 0	230 514 633 5 1259 2938 44 1 2
7 75 0 1408 368 1431	37 2 1312 12 467 1 1315 499 21 27 3 987
17 122 374 201	376 177 1357 139 829 369 52 207
948 378 114 458 0	298 482 37 2 299 1083 33 18 1
229 76 153 55	325 98 7470 208 107 86 43 258 651
861 854 1183 332	907 904 1188 11 874 867 33
7 30 169 9	49 10144 163 568 24 2 1031 40
11 351 9 496	47 350 1212 24 12 36 195
17 6 0 158 5 88	14 2 761 70 8 243 128 60 130 1 278
11 622 5 46	2 22 1 676 523 0 41 18 40
11 77 0 445	4 15 1 31 8 37 2 191 3
2973 187 887 0 205	13 2 478 602 556 3 335 1 632
1060 9 482 8	294 1061 116 137 110 12 15
421 470 418 964 1081 935	259 397 1136 291 1079 248 365 968 1020 262 1137 1858 795
0 174 45 8	2 129 15 140 1 179 136
82 510 53 552 571	1770 172 265 87 573 595 553 1780 93 503
35 270 706 264	43 343 715 76 793 127 262 919 700
363 69 311 230	236 71 2861 46 148 29 447 183 620
945 49 879 441	894 442 316 148 949 56 1798
521 298 135 529 149	1226 1225 294 299 134 108 1227 92 868 980 34
7 30 169 49	168 137 110 431 9 454 27 118
82 84 75 87	1599 53 1613 7703 126 172 1614 1612 1610
1015 401 1498 759	10 222 1512 258 11 1503 98 76 443
69 16 49 19 1140	34 79 42 93 320 29 28 21 59 27
929 532 26 785 9 524	525 36 47 531 24 25 1206 7 1205 32 1204 1197
4095 4105 2 775 10 164	1 69 0 289 883 3 18 4106 4101 4098 4103
1155 260 957 1096	1097 1098 73 1608 1100 672 23
42 7 0 2 80 1990	1 643 1998 263 49 736 10 21 242 59 27 34
223 17 77 6 41	1929 1341 3219 5 356 22 40 328 63 1972 587
103 306 1186 400 589 241	280 265 227 412 91 307 393 53 585 404 237 211
2434 154 2065 20	388 1602 1748 1895 3239 1838 2438
7 521 298 135 529 149	1226 1225 294 299 134 108 1227 92 868 980 12 34
7 30 169 49	168 137 110 431 9 454 27 118
802 54 233 41 50	22 44 1 800 0 154 2 68
1676 11 351 1607	9 496 336 47 350 1212 36 195
82 510 53 552 571	1770 172 265 87 573 595 553 1780 93 503
1155 260 957 1096	1097 1098 73 1608 1100 672 23
223 17 77 6 41	1929 1341 3219 5 356 22 40 328 63 1972 587
103 306 1186 400 589 241	280 265 227 412 91 307 393 53 585 404 237 211
2434 154 2065 20	388 1602 1748 1895 3239 1838 2438
521 298 135 529 149	1226 1225 294 299 134 108 1227 92 868 980 34
7 660 2217 36 2215	47 24 30 2210 2214 2213 32 2216 12
554 1138 374 0 635	177 2 2188 1 1802 1288 1860 569 1417
7 30 169 49	168 137 110 431 9 454 27 118
0 4 71 146 19	2 109 286 11 55 477 28 1 550
10499 163 39 90	180 112 111 10292 144 138 51
7 30 169 49	168 137 110 431 9 454 27 118
1601 39 51 61	62 65 2177 66 959 58 67
384 169 119 323	649 168 118 220 2086 2087 103
1961 730 579 185 297	2732 127 665 33 153 188 674 43 2733 1387 2727
1996 2377 121 181	509 511 527 2584 4627 4585 5442
2676 47 3749 24	2679 12 2669 2681 36 3752 126
2589 178 2557 2554	1 0 9300 2 2071 2 2900 2
866 925 504 17	878 11 1455 1443 500 921 895 913
7 75 0 1408 368 1431	37 2 1312 12 467 1 1315 499 21 27 3 987
17 395 3451 0	2761 56 2 3 316 1 3170 394
3139 1523 3 0	5 142 2 29 10 3 1
948 378 114 458 298	482 37 2 299 1083 18 33 1 0
2256 760 50 2	60 48 18 148 0 154 230 1
95 6 1706 268	5 2 22 38 40 63 1 0 41
2163 6 4 78 606	68 22 40 63 1 0 41 5 142
0 4 14 8	2 128 29 3 1 31 16
184 174 166 45 8	129 140 1 0 171 179 166 310 36 726
91 1404 1785 361 93	656 38 28 1 64 5 209 22 285 44 1219
1033 71 78 10	3 620 78 1 20 162 13 14
363 182 0 1954	271 2 300 1 884 177 13 46
948 378 114 458 298	482 37 2 299 1083 18 33 1 0
1024 451 231 396 1435	1021 974 1014 988 1009 687 1012 881 1438
7 30 660 2217 36	2215 47 24 2210 2214 2213 32 2216 12
82 510 53 552 571	1770 172 265 87 573 595 553 1780 93 503
42 364 801 131	5082 34 893 255 80 21 27
1595 925 895 913	1777 13 2 2632 3544 24 2927 85 35
119 611 857 1551	1444 733 1423 201 1814 1859 16642
2043 7 1596 73 2042	2051 36 630 47 2048 719 24 2687 25
485 274 307 911 1262	404 231 656 898 412 237 211 1245 468
731 374 1764 670	2005 2002 2004 52 207 666 266
2846 1819 2851 388 2300 2008	2847 2854 1901 2852 643 2013 9 2014 2011 2849 2842 2838
7 30 367 104 9	263 310 309 308 80 242 25 115 12
11 1015 2841 98	2845 759 10 222 258 2848 401 76 443
3973 1538 1824 2212 2072	154 20 377 3807 319 1553 3568 2 1855 44 1
521 298 135 529 149	1226 1225 294 299 134 108 1227 92 868 980 34
7 660 2217 36 2215	47 24 30 2210 2214 2213 32 2216 12
7 30 169 49	168 137 110 431 9 454 27 118
0 960 99 56 2 167	320 438 639 851 13 38 439 982 94 1 876
384 169 119 323	649 168 118 220 2086 2087 103
731 374 1764 670	2005 2002 2004 52 207 666 266
521 298 135 529 149	1226 1225 294 299 134 108 1227 92 868 980 34
7 30 169 49	168 137 110 431 9 454 27 118
17 574 909 0 85	3 335 1 13 871 399 56 2 581
797 559 558 557	561 545 1318 544 83 560 1316
3019 122 1018 2835	156 771 955 13 2095 494 584 427 1767
39 2878 61 62	65 138 51 66 959 58 67
693 643 1507 699 1502 691	1514 703 1493 1511 9 1496 388 1491 1492 697 695 704
0 445 4 8	2 3 15 452 31 10 1
17 395 3451 0	2761 56 2 3 316 1 3170 394
35 270 706 264	43 343 715 76 793 127 262 919 700
731 374 1764 670	2005 2002 2004 52 207 666 266
7 30 367 104 9	263 310 309 308 80 242 25 115 12
521 298 135 529 149	1226 1225 294 299 134 108 1227 92 868 980 34
7 660 2217 36 2215	47 24 30 2210 2214 2213 32 2216 12
7 30 169 49	168 137 110 431 9 454 27 118
384 169 119 323	649 168 118 220 2086 2087 103
1015 401 1498 759	10 222 1512 258 11 1503 98 76 443
69 16 49 19 1140	34 79 42 93 320 29 28 21 59 27
929 532 26 785 9 524	525 36 47 531 24 25 1206 7 1205 32 1204 1197
5208 0 20 6561	2 4553 1 807 1 556 2 72
731 374 1764 670	2005 2002 2004 52 207 666 266
2846 1819 2851 388 2300 2008	2847 2854 1901 2852 643 2013 9 2014 2011 2849 2842 2838
8226 6673 24 32	25 8201 6672 30 6742 26 83 6769
11 1015 2841 98	2845 759 10 222 258 2848 401 76 443
521 298 135 529 149	1226 1225 294 299 134 108 1227 92 868 980 34
7 30 169 49	168 137 110 431 9 454 27 118
0 960 99 56 2 167	320 438 639 851 13 38 439 982 94 1 876
11 351 9 496	47 350 1212 24 12 36 195
384 169 119 323	649 168 118 220 2086 2087 103
363 69 311 230	236 71 2861 46 148 29 447 183 620
521 298 135 529 149	1226 1225 294 299 134 108 1227 92 868 980 34
7 30 169 49	168 137 110 431 9 454 27 118
82 84 75 87	1599 53 1613 7703 126 172 1614 1612 1610
17 574 909 0 85	3 335 1 13 871 399 56 2 581
184 6 50 22 804	129 1 800 0 5 215 2 22 40 44 22
797 559 558 557	561 545 1318 544 83 560 1316
3019 122 1018 584	771 955 101 460 4608 21 27 23
693 643 1507 699 1502 691	1514 703 1493 1511 9 1496 388 1491 1492 697 695 704
668 1704 305 272	3468 19 549 342 3952 4173 2989 317 28
82 510 53 552 571	1770 172 265 87 573 595 553 1780 93 503
363 69 311 230	236 71 2861 46 148 29 447 183 620
521 298 135 529 149	1226 1225 294 299 134 108 1227 92 868 980 34
7 660 2217 36 2215	47 24 30 2210 2214 2213 32 2216 12
7 30 169 49	168 137 110 431 9 454 27 118
82 84 75 87	1599 53 1613 7703 126 172 1614 1612 1610
39581 39116 36141 32737 270	2443 1418 1018 106 122 10457 122 111 2536
0 1827 20 113 2	60 70 446 327 1 187 523 315 2018
6 41 5 38	28 40 63 95 64 19 268 22
17 574 909 0 85	3 335 1 13 871 399 56 2 581
1155 260 957 1096	1097 1098 73 1608 1100 672 23
35 270 706 264	43 343 715 76 793 127 262 919 700
42 7 0 2 80 1990	1 643 1998 263 49 736 10 21 242 59 27 34
945 49 879 894	442 316 148 949 441 56 1798
223 17 77 6 41	1929 1341 3219 5 356 22 40 328 63 1972 587
103 306 1186 400 589 241	280 265 227 412 91 307 393 53 585 404 237 211
2434 154 2065 20	388 1602 1748 1895 3239 1838 2438
521 298 135 529 149	1226 1225 294 299 134 108 1227 92 868 980 34
554 1138 374 0 635	177 2 2188 1 1802 1288 1860 569 1417
7 30 169 49	168 137 110 431 9 454 27 118
521 298 135 529 149	1226 1225 294 299 134 108 1227 92 868 980 34
7 30 169 49	168 137 110 431 9 454 27 118
384 169 119 323	649 168 118 220 2086 2087 103
948 378 114 458 0	298 482 37 2 299 1083 33 18 1
31 11 77 0	4 8 15 1 2 191 3
3566 6323 1734 2998	6714 1597 4661 1210 856 1211 2944 1338
8105 4154 4 4644 2	29 1210 1 0 190 10 556 1211 2944 473
882 6 41 509	5 8 1753 22 889 40 63 15
6 509 1620 422 14 889	63 1715 882 41 819 437 50 5 215 22 40
797 559 558 557	561 545 1318 544 83 560 1316
3046 3017 2336 0 2995	4540 2 3071 28 3 2278 1915 1 1974
2336 6 19 345	0 4 2 72704 280 1 362
521 298 135 529 149	1226 1225 294 299 134 108 1227 92 868 980 34
7 30 169 49	168 137 110 431 9 454 27 118
384 169 119 323	649 168 118 220 2086 2087 103
948 378 114 458 0	298 482 37 2 299 1083 33 18 1
0 2902 13 2	60 48 70 379 446 642 20 1 214
31 11 77 0	4 8 15 1 2 191 3
3566 6323 1734 2998	6714 1597 4661 1210 856 1211 2944 1338
0 19 2 556	3 1 11 4112 4 132 13 28 1219
35 270 706 264	43 343 715 76 793 127 262 919 700
731 374 1764 670	2005 2002 2004 52 207 666 266
521 298 135 529 149	1226 1225 294 299 134 108 1227 92 868 980 34
7 30 169 49	168 137 110 431 9 454 27 118
1015 401 1498 759	10 222 1512 258 11 1503 98 76 443
929 532 26 785 9 524	525 36 47 531 24 25 1206 7 1205 32 1204 1197
948 378 114 458 0	298 482 37 2 299 1083 33 18 1
15597 5798 5118 2833	3074 8003 13 3073 711 5157 29 1851 6881 682
31 11 77 0	4 8 15 1 2 191 3
17 574 909 0 85	3 335 1 13 871 399 56 2 581
230 1889 577 647 204	116 456 3279 2863 121 5440 547 427 3530 5303
6440 6444 6302 6349 6463 6431	62 90 1908 163 112 1799 111 6428 39 6426 6460 6373 6466
7 30 169 49	168 137 110 431 9 454 27 118
29304 163 26287 25314 26438 2515	90 23 3792 575 1018 1004 743 1210 29 1950 19 5 15
384 169 119 323	649 168 118 220 2086 2087 103
2256 760 50 2	60 48 18 148 0 154 230 1
8796 7460 163 7655 8722 51	90 42082 112 111 39 193 90626 20052 39 193 51
7 75 0 1408 368 1431	37 2 1312 12 467 1 1315 499 21 27 3 987
948 378 114 458 0	298 482 37 2 299 1083 33 18 1
9327 0 4 9079	7061 764 1 17 1997 20 2 72 18
5148 5150 83 5123	8020 8090 5175 5126 5149 8184 5142
4095 4105 2 775 10 164	1 69 0 289 883 3 18 4106 4101 4098 4103
11 458 5022 2	3 33 1 5564 0 6066 281
1669 2993 1670 2090 2982	1671 2923 2726 666 1673 1658 1668 2974 2421
872 2 139 94	1 0 99 1963 13 52 1958 167
3769 4287 4285 12	7 30 26 49 83 4272 25 3764
2651 3120 7 9	49 2698 3123 27 431 2832 30 4526
3821 97 0 4579	2 3 1 7 49 10 21
3203 3212 449 1339	3205 223 2356 3210 295 77 3202 3204
123 538 57 81	147 125 120 160 74 322 21 27 218
948 378 114 458 298	482 37 2 299 1083 18 33 1 0
593 64 236 20	68 89 1568 1 582 0 13 46
554 2023 139 1215	2059 23 374 739 213 232 32 25
0 4 14 8	2 128 29 3 1 31 16
1595 866 925 895	913 17 878 11 500 2194 921 2190 504
119 0 4 174	45 8 2 129 15 140 1 179 136
1840 2119 1381 1794	1433 2037 2116 1863 1795 1134 85
7 30 310 309	308 242 25 367 263 83 80
2043 7 1596 73 2042	2051 36 630 47 2048 719 24 2687 25
82 510 53 552 571	1770 172 265 87 573 595 553 1780 93 503
116 88 14 8	1101 1 5 58 2088 984 1 2269
1303 1440 0 1299	96 2 10 12 612 606 1
647 0 50 56	2 5279 1825 1 183 44 1 23
1791 11 0 230	10629 56 2 148 1 3 18
7 102 30 3129 3319	9 192 24 32 12 752 918 742 101 3322
0 4 14 8	2 128 29 3 1 31 16
11 622 5 46	2 22 1 676 523 0 41 18 40
145 0 20 289	489 98 1952 1 362 317 2748
4075 73 36 630 4437	719 24 4062 25 7 47 2368 4076 4056
199 4662 1660 232	833 20 50 209 159 3860 1 23 4462
